gene	region_id	reference_region	comparison_type	observed_counts_per_10000	reference_counts_per_10000	log2_count_ratio	detection_fraction_difference	observed_fraction_q20	reference_fraction_q20	q20_difference	abundance_depletion	quality_degradation	insufficient_quality	evidence_tier	candidate_status	exact_cycle_status	threshold_abs_log2_ratio	threshold_abs_q20_delta	section_candidate_flag	section_evidence_status	gene_set
Adam8	Region_2	Region_3	CROSS_MOUSE_DIAGNOSTIC_REFERENCE	1.72830771395881	5.02452610320607	-1.30990224197124	-0.0451850071400859	0.705488621151272	0.753248917027657	-0.047760295876385	TRUE	FALSE	FALSE	Tier_C	CANDIDATE_NOT_CONFIRMED	REQUIRES_10X_DIAGNOSTICS	0.5	0.05	TRUE	DEPLETION_ONLY	long_lived
Adam8	Region_1	Region_3	CROSS_MOUSE_DIAGNOSTIC_REFERENCE	4.70171319841774	5.02452610320607	-0.0868638576008474	-0.0234240047990926	0.639974948555068	0.753248917027657	-0.113273968472589	FALSE	TRUE	FALSE	Tier_C	CANDIDATE_NOT_CONFIRMED	REQUIRES_10X_DIAGNOSTICS	0.5	0.05	TRUE	Q20_LOSS_ONLY	long_lived
Adam8	Region_4	Region_3	WITHIN_MOUSE_TECHNICAL_PAIR	3.12322541413137	5.02452610320607	-0.608576150733047	-0.0252355923579704	0.726917821588913	0.753248917027657	-0.0263310954387439	TRUE	FALSE	FALSE	Tier_C	CANDIDATE_NOT_CONFIRMED	REQUIRES_10X_DIAGNOSTICS	0.5	0.05	TRUE	DEPLETION_ONLY	long_lived
Adgre1	Region_4	Region_3	WITHIN_MOUSE_TECHNICAL_PAIR	6.85537006883987	16.8955997910893	-1.24185258881528	-0.0607187200913009	0.615728813559322	0.807827545790913	-0.192098732231591	TRUE	TRUE	FALSE	Tier_A	CANDIDATE_NOT_CONFIRMED	REQUIRES_10X_DIAGNOSTICS	0.5	0.05	TRUE	DEPLETION_AND_Q20_LOSS	long_lived
Alox15	Region_2	Region_3	CROSS_MOUSE_DIAGNOSTIC_REFERENCE	0.661248796305489	1.44356004615067	-0.743024579146689	-0.0199271333811224	0.640478223740393	0.710200714874897	-0.069722491134504	TRUE	TRUE	FALSE	Tier_C	CANDIDATE_NOT_CONFIRMED	REQUIRES_10X_DIAGNOSTICS	0.5	0.05	TRUE	DEPLETION_AND_Q20_LOSS	common
Alox15	Region_4	Region_3	WITHIN_MOUSE_TECHNICAL_PAIR	2.9065379366287	1.44356004615067	0.809604592982448	-0.0094998738672197	0.612224448897796	0.710200714874897	-0.097976265977101	FALSE	TRUE	FALSE	Tier_C	CANDIDATE_NOT_CONFIRMED	REQUIRES_10X_DIAGNOSTICS	0.5	0.05	TRUE	Q20_LOSS_ONLY	common
Arhgap18	Region_1	Region_3	CROSS_MOUSE_DIAGNOSTIC_REFERENCE	5.39588774247699	11.9762018643611	-1.08139783981416	-0.133391850027056	0.411700012689819	0.803917482808919	-0.3922174701191	TRUE	TRUE	FALSE	Tier_C	CANDIDATE_NOT_CONFIRMED	REQUIRES_10X_DIAGNOSTICS	0.5	0.05	TRUE	DEPLETION_AND_Q20_LOSS	long_lived
Arhgap18	Region_2	Region_3	CROSS_MOUSE_DIAGNOSTIC_REFERENCE	9.54665900671948	11.9762018643611	-0.312462984501111	-0.075468837087357	0.627773770630913	0.803917482808919	-0.176143712178006	FALSE	TRUE	FALSE	Tier_C	CANDIDATE_NOT_CONFIRMED	REQUIRES_10X_DIAGNOSTICS	0.5	0.05	TRUE	Q20_LOSS_ONLY	long_lived
Arhgap18	Region_4	Region_3	WITHIN_MOUSE_TECHNICAL_PAIR	13.3541658076121	11.9762018643611	0.151141044571263	0.014720716279651	0.715643972660277	0.803917482808919	-0.0882735101486419	FALSE	TRUE	FALSE	Tier_C	CANDIDATE_NOT_CONFIRMED	REQUIRES_10X_DIAGNOSTICS	0.5	0.05	TRUE	Q20_LOSS_ONLY	long_lived
Atp2b1	Region_4	Region_3	WITHIN_MOUSE_TECHNICAL_PAIR	13.630282340126	19.324361033947	-0.488484073908935	-0.079791302021898	0.609381293180903	0.804187079136163	-0.19480578595526	FALSE	TRUE	FALSE	Tier_C	CANDIDATE_NOT_CONFIRMED	REQUIRES_10X_DIAGNOSTICS	0.5	0.05	TRUE	Q20_LOSS_ONLY	long_lived
Atp2b1	Region_1	Region_3	CROSS_MOUSE_DIAGNOSTIC_REFERENCE	13.4174602516062	19.324361033947	-0.510378403800665	-0.143754872884402	0.829481526531853	0.804187079136163	0.02529444739569	TRUE	FALSE	FALSE	Tier_C	CANDIDATE_NOT_CONFIRMED	REQUIRES_10X_DIAGNOSTICS	0.5	0.05	TRUE	DEPLETION_ONLY	long_lived
Atp2b1	Region_2	Region_3	CROSS_MOUSE_DIAGNOSTIC_REFERENCE	5.92424941996142	19.324361033947	-1.62567455531174	-0.207684199047839	0.415577176446742	0.804187079136163	-0.388609902689421	TRUE	TRUE	FALSE	Tier_C	CANDIDATE_NOT_CONFIRMED	REQUIRES_10X_DIAGNOSTICS	0.5	0.05	TRUE	DEPLETION_AND_Q20_LOSS	long_lived
Basp1	Region_2	Region_3	CROSS_MOUSE_DIAGNOSTIC_REFERENCE	12.4692630160464	11.0751032088363	0.164071442890164	-0.020622010159423	0.712710133542812	0.80006294526623	-0.087352811723418	FALSE	TRUE	FALSE	Tier_C	CANDIDATE_NOT_CONFIRMED	REQUIRES_10X_DIAGNOSTICS	0.5	0.05	TRUE	Q20_LOSS_ONLY	long_lived
Basp1	Region_1	Region_3	CROSS_MOUSE_DIAGNOSTIC_REFERENCE	10.7390019816045	11.0751032088363	-0.0425111266956926	-0.042355046728236	0.729239022041883	0.80006294526623	-0.0708239232243471	FALSE	TRUE	FALSE	Tier_C	CANDIDATE_NOT_CONFIRMED	REQUIRES_10X_DIAGNOSTICS	0.5	0.05	TRUE	Q20_LOSS_ONLY	long_lived
Birc3	Region_2	Region_3	CROSS_MOUSE_DIAGNOSTIC_REFERENCE	7.35277816066803	19.6235257875812	-1.35760805096014	-0.181237818494633	0.714030117787386	0.723494700881245	-0.009464583093859	TRUE	FALSE	FALSE	Tier_A	CANDIDATE_NOT_CONFIRMED	REQUIRES_10X_DIAGNOSTICS	0.5	0.05	TRUE	DEPLETION_ONLY	short_lived
Birc3	Region_4	Region_3	WITHIN_MOUSE_TECHNICAL_PAIR	7.91320724804069	19.6235257875812	-1.25815530923665	-0.136572454625936	0.632074368568756	0.723494700881245	-0.091420332312489	TRUE	TRUE	FALSE	Tier_A	CANDIDATE_NOT_CONFIRMED	REQUIRES_10X_DIAGNOSTICS	0.5	0.05	TRUE	DEPLETION_AND_Q20_LOSS	short_lived
Birc3	Region_1	Region_3	CROSS_MOUSE_DIAGNOSTIC_REFERENCE	15.6355711923897	19.6235257875812	-0.31863844839549	-0.119754269085821	0.489410035411238	0.723494700881245	-0.234084665470007	FALSE	TRUE	FALSE	Tier_A	CANDIDATE_NOT_CONFIRMED	REQUIRES_10X_DIAGNOSTICS	0.5	0.05	TRUE	Q20_LOSS_ONLY	short_lived
Calm1	Region_2	Region_3	CROSS_MOUSE_DIAGNOSTIC_REFERENCE	18.8513742118753	46.5585660660904	-1.28202133943278	-0.316356641498925	0.98865328335986	0.962462762143422	0.0261905212164381	TRUE	FALSE	FALSE	Tier_C	CANDIDATE_NOT_CONFIRMED	REQUIRES_10X_DIAGNOSTICS	0.5	0.05	TRUE	DEPLETION_ONLY	long_lived
Camk1d	Region_4	Region_3	WITHIN_MOUSE_TECHNICAL_PAIR	4.95181172217081	10.078488095826	-0.956325803802757	-0.0841381597153198	0.721268302960076	0.803614457831325	-0.082346154871249	TRUE	TRUE	FALSE	Tier_A	CANDIDATE_NOT_CONFIRMED	REQUIRES_10X_DIAGNOSTICS	0.5	0.05	TRUE	DEPLETION_AND_Q20_LOSS	long_lived
Ccl6	Region_4	Region_3	WITHIN_MOUSE_TECHNICAL_PAIR	9.31573294630695	13.8985456628139	-0.552755194725807	-0.02336496549737	0.980647619047619	0.969057795948708	0.011589823098911	TRUE	FALSE	FALSE	Tier_C	CANDIDATE_NOT_CONFIRMED	REQUIRES_10X_DIAGNOSTICS	0.5	0.05	TRUE	DEPLETION_ONLY	short_lived
Ccl6	Region_2	Region_3	CROSS_MOUSE_DIAGNOSTIC_REFERENCE	9.02614246152274	13.8985456628139	-0.595959069216508	-0.0296802449397033	0.989243404317174	0.969057795948708	0.0201856083684659	TRUE	FALSE	FALSE	Tier_C	CANDIDATE_NOT_CONFIRMED	REQUIRES_10X_DIAGNOSTICS	0.5	0.05	TRUE	DEPLETION_ONLY	short_lived
Ccr3	Region_4	Region_3	WITHIN_MOUSE_TECHNICAL_PAIR	0.981036554263162	1.89110571172797	-0.691070664575344	-0.0196451004240137	0.494883340155546	0.676542705353494	-0.181659365197948	TRUE	TRUE	FALSE	Tier_A	CANDIDATE_NOT_CONFIRMED	REQUIRES_10X_DIAGNOSTICS	0.5	0.05	TRUE	DEPLETION_AND_Q20_LOSS	common
Ccr3	Region_1	Region_3	CROSS_MOUSE_DIAGNOSTIC_REFERENCE	3.63244083055102	1.89110571172797	0.789316249175396	0.0056723893914525	0.601261034047919	0.676542705353494	-0.0752816713055751	FALSE	TRUE	FALSE	Tier_A	CANDIDATE_NOT_CONFIRMED	REQUIRES_10X_DIAGNOSTICS	0.5	0.05	TRUE	Q20_LOSS_ONLY	common
Cd24a	Region_4	Region_3	WITHIN_MOUSE_TECHNICAL_PAIR	2.40824816768795	9.65497172772932	-1.80396393485908	-0.102997973947012	0.674589700056593	0.653428236095862	0.021161463960731	TRUE	FALSE	FALSE	Tier_C	CANDIDATE_NOT_CONFIRMED	REQUIRES_10X_DIAGNOSTICS	0.5	0.05	TRUE	DEPLETION_ONLY	long_lived
Cd24a	Region_2	Region_3	CROSS_MOUSE_DIAGNOSTIC_REFERENCE	2.90621737734847	9.65497172772932	-1.57594381034739	-0.104873902760112	0.896432111000991	0.653428236095862	0.243003874905129	TRUE	FALSE	FALSE	Tier_C	CANDIDATE_NOT_CONFIRMED	REQUIRES_10X_DIAGNOSTICS	0.5	0.05	TRUE	DEPLETION_ONLY	long_lived
Cd24a	Region_1	Region_3	CROSS_MOUSE_DIAGNOSTIC_REFERENCE	2.75721257500028	9.65497172772932	-1.64047644073892	-0.10763115297043	0.75275716863846	0.653428236095862	0.099328932542598	TRUE	FALSE	FALSE	Tier_C	CANDIDATE_NOT_CONFIRMED	REQUIRES_10X_DIAGNOSTICS	0.5	0.05	TRUE	DEPLETION_ONLY	long_lived
Cd300a	Region_4	Region_3	WITHIN_MOUSE_TECHNICAL_PAIR	2.25738979727469	6.98832043981304	-1.44133894421633	-0.0664026548363881	0.428403927890957	0.802866110025463	-0.374462182134506	TRUE	TRUE	FALSE	Tier_A	CANDIDATE_NOT_CONFIRMED	REQUIRES_10X_DIAGNOSTICS	0.5	0.05	TRUE	DEPLETION_AND_Q20_LOSS	long_lived
Cd44	Region_4	Region_3	WITHIN_MOUSE_TECHNICAL_PAIR	5.40255824710254	15.0801863664254	-1.40030021236011	-0.109283645459093	0.881367841667643	0.786067246750457	0.095300594917186	TRUE	FALSE	FALSE	Tier_C	CANDIDATE_NOT_CONFIRMED	REQUIRES_10X_DIAGNOSTICS	0.5	0.05	TRUE	DEPLETION_ONLY	long_lived
Cd44	Region_1	Region_3	CROSS_MOUSE_DIAGNOSTIC_REFERENCE	8.72224225360072	15.0801863664254	-0.756523022013512	-0.11284548501635	0.817973800125851	0.786067246750457	0.0319065533753939	TRUE	FALSE	FALSE	Tier_C	CANDIDATE_NOT_CONFIRMED	REQUIRES_10X_DIAGNOSTICS	0.5	0.05	TRUE	DEPLETION_ONLY	long_lived
Cd47	Region_1	Region_3	CROSS_MOUSE_DIAGNOSTIC_REFERENCE	41.5051425343314	77.0595540907296	-0.884738546528994	-0.326177340752382	0.833154068908457	0.833382308333965	-0.000228239425507981	TRUE	FALSE	FALSE	Tier_C	CANDIDATE_NOT_CONFIRMED	REQUIRES_10X_DIAGNOSTICS	0.5	0.05	TRUE	DEPLETION_ONLY	long_lived
Cd47	Region_2	Region_3	CROSS_MOUSE_DIAGNOSTIC_REFERENCE	48.1786258555991	77.0595540907296	-0.672016066131659	-0.280824175115061	0.863784031114161	0.833382308333965	0.030401722780196	TRUE	FALSE	FALSE	Tier_C	CANDIDATE_NOT_CONFIRMED	REQUIRES_10X_DIAGNOSTICS	0.5	0.05	TRUE	DEPLETION_ONLY	long_lived
Cd80	Region_1	Region_3	CROSS_MOUSE_DIAGNOSTIC_REFERENCE	3.67953103353983	4.14565454785092	-0.152540805897847	-0.0330937904381083	0.608560868010016	0.805285868392664	-0.196725000382648	FALSE	TRUE	FALSE	Tier_A	CANDIDATE_NOT_CONFIRMED	REQUIRES_10X_DIAGNOSTICS	0.5	0.05	TRUE	Q20_LOSS_ONLY	long_lived
Cd80	Region_4	Region_3	WITHIN_MOUSE_TECHNICAL_PAIR	1.86972949997033	4.14565454785092	-0.971159491256424	-0.0412709954499365	0.691479820627803	0.805285868392664	-0.113806047764861	TRUE	TRUE	FALSE	Tier_A	CANDIDATE_NOT_CONFIRMED	REQUIRES_10X_DIAGNOSTICS	0.5	0.05	TRUE	DEPLETION_AND_Q20_LOSS	long_lived
Cd84	Region_4	Region_3	WITHIN_MOUSE_TECHNICAL_PAIR	5.04964108965092	16.9766986700865	-1.654966310417	-0.150179917511707	0.951466127401416	0.953388531125422	-0.00192240372400598	TRUE	FALSE	FALSE	Tier_C	CANDIDATE_NOT_CONFIRMED	REQUIRES_10X_DIAGNOSTICS	0.5	0.05	TRUE	DEPLETION_ONLY	long_lived
Cd9	Region_4	Region_3	WITHIN_MOUSE_TECHNICAL_PAIR	12.5879881445435	22.1946606180119	-0.794109567431559	-0.099721222477039	0.711458217938776	0.796250494657697	-0.0847922767189211	TRUE	TRUE	FALSE	Tier_A	CANDIDATE_NOT_CONFIRMED	REQUIRES_10X_DIAGNOSTICS	0.5	0.05	TRUE	DEPLETION_AND_Q20_LOSS	short_lived
Cd9	Region_2	Region_3	CROSS_MOUSE_DIAGNOSTIC_REFERENCE	26.4094672320376	22.1946606180119	0.245760914024434	-0.029693420897295	0.738927595207267	0.796250494657697	-0.05732289945043	FALSE	TRUE	FALSE	Tier_A	CANDIDATE_NOT_CONFIRMED	REQUIRES_10X_DIAGNOSTICS	0.5	0.05	TRUE	Q20_LOSS_ONLY	short_lived
Cdk2ap2	Region_4	Region_3	WITHIN_MOUSE_TECHNICAL_PAIR	4.67020943073274	5.34111209751377	-0.176020350718774	-0.0145401459939554	0.546056991385023	0.615655737704918	-0.069598746319895	FALSE	TRUE	FALSE	Tier_C	CANDIDATE_NOT_CONFIRMED	REQUIRES_10X_DIAGNOSTICS	0.5	0.05	TRUE	Q20_LOSS_ONLY	short_lived
Cdk2ap2	Region_2	Region_3	CROSS_MOUSE_DIAGNOSTIC_REFERENCE	3.60891471336407	5.34111209751377	-0.507485686451146	-0.0544823293158908	0.466573199527745	0.615655737704918	-0.149082538177173	TRUE	TRUE	FALSE	Tier_C	CANDIDATE_NOT_CONFIRMED	REQUIRES_10X_DIAGNOSTICS	0.5	0.05	TRUE	DEPLETION_AND_Q20_LOSS	short_lived
Cdkn1a	Region_2	Region_3	CROSS_MOUSE_DIAGNOSTIC_REFERENCE	4.06677648923157	6.42903854095067	-0.601478998943219	-0.0514309635585217	0.699987266012989	0.805532810855071	-0.105545544842082	TRUE	TRUE	FALSE	Tier_A	CANDIDATE_NOT_CONFIRMED	REQUIRES_10X_DIAGNOSTICS	0.5	0.05	TRUE	DEPLETION_AND_Q20_LOSS	long_lived
Cdkn1a	Region_4	Region_3	WITHIN_MOUSE_TECHNICAL_PAIR	2.08641697747301	6.42903854095067	-1.42170029828407	-0.0653891797318969	0.442903995229577	0.805532810855071	-0.362628815625494	TRUE	TRUE	FALSE	Tier_A	CANDIDATE_NOT_CONFIRMED	REQUIRES_10X_DIAGNOSTICS	0.5	0.05	TRUE	DEPLETION_AND_Q20_LOSS	long_lived
Cebpb	Region_2	Region_3	CROSS_MOUSE_DIAGNOSTIC_REFERENCE	3.93182775529168	11.3075866619617	-1.41374040752371	-0.127199001259505	0.929518855656697	0.73356394129979	0.195954914356907	TRUE	FALSE	FALSE	Tier_C	CANDIDATE_NOT_CONFIRMED	REQUIRES_10X_DIAGNOSTICS	0.5	0.05	TRUE	DEPLETION_ONLY	short_lived
Cebpb	Region_1	Region_3	CROSS_MOUSE_DIAGNOSTIC_REFERENCE	3.7590972385899	11.3075866619617	-1.47109455095316	-0.136810092168901	0.822746248448607	0.73356394129979	0.089182307148817	TRUE	FALSE	FALSE	Tier_C	CANDIDATE_NOT_CONFIRMED	REQUIRES_10X_DIAGNOSTICS	0.5	0.05	TRUE	DEPLETION_ONLY	short_lived
Coro1a	Region_4	Region_3	WITHIN_MOUSE_TECHNICAL_PAIR	4.44986478061399	19.3477895989907	-2.00351732720966	-0.151918823187476	0.816587127563524	0.683235029881645	0.133352097681879	TRUE	FALSE	FALSE	Tier_C	CANDIDATE_NOT_CONFIRMED	REQUIRES_10X_DIAGNOSTICS	0.5	0.05	TRUE	DEPLETION_ONLY	short_lived
Coro1a	Region_1	Region_3	CROSS_MOUSE_DIAGNOSTIC_REFERENCE	8.29031142618607	19.3477895989907	-1.17499216312261	-0.134053476732798	0.838120843356445	0.683235029881645	0.1548858134748	TRUE	FALSE	FALSE	Tier_C	CANDIDATE_NOT_CONFIRMED	REQUIRES_10X_DIAGNOSTICS	0.5	0.05	TRUE	DEPLETION_ONLY	short_lived
Coro2a	Region_1	Region_3	CROSS_MOUSE_DIAGNOSTIC_REFERENCE	3.58941012781986	6.46207882498658	-0.767625390100109	-0.0665163752388974	0.436455402945557	0.771068103870652	-0.334612700925095	TRUE	TRUE	FALSE	Tier_A	CANDIDATE_NOT_CONFIRMED	REQUIRES_10X_DIAGNOSTICS	0.5	0.05	TRUE	DEPLETION_AND_Q20_LOSS	long_lived
Coro2a	Region_4	Region_3	WITHIN_MOUSE_TECHNICAL_PAIR	2.10836001316948	6.46207882498658	-1.41637514028507	-0.0729343077005923	0.53564290473018	0.771068103870652	-0.235425199140472	TRUE	TRUE	FALSE	Tier_A	CANDIDATE_NOT_CONFIRMED	REQUIRES_10X_DIAGNOSTICS	0.5	0.05	TRUE	DEPLETION_AND_Q20_LOSS	long_lived
Coro2a	Region_2	Region_3	CROSS_MOUSE_DIAGNOSTIC_REFERENCE	4.76369030807832	6.46207882498658	-0.403443538549058	-0.0525446958008209	0.597336586357629	0.771068103870652	-0.173731517513023	FALSE	TRUE	FALSE	Tier_A	CANDIDATE_NOT_CONFIRMED	REQUIRES_10X_DIAGNOSTICS	0.5	0.05	TRUE	Q20_LOSS_ONLY	long_lived
Csf2rb	Region_4	Region_3	WITHIN_MOUSE_TECHNICAL_PAIR	1.70881390486286	3.71432865807307	-0.932030953285472	-0.0334890194717628	0.238356164383562	0.522761143476494	-0.284404979092932	TRUE	TRUE	FALSE	Tier_A	CANDIDATE_NOT_CONFIRMED	REQUIRES_10X_DIAGNOSTICS	0.5	0.05	TRUE	DEPLETION_AND_Q20_LOSS	long_lived
Cxcl2	Region_4	Region_3	WITHIN_MOUSE_TECHNICAL_PAIR	0.0813720907077552	0.595325845083359	-0.913826396172865	-0.0109098968098908	0.703703703703704	0.87649063032368	-0.172786926619976	TRUE	TRUE	FALSE	Tier_A	CANDIDATE_NOT_CONFIRMED	REQUIRES_10X_DIAGNOSTICS	0.5	0.05	TRUE	DEPLETION_AND_Q20_LOSS	short_lived
Cytip	Region_4	Region_3	WITHIN_MOUSE_TECHNICAL_PAIR	4.83569649161031	12.6141797124726	-1.29737906063879	-0.119819327907197	0.802017484868863	0.698216864444026	0.103800620424837	TRUE	FALSE	FALSE	Tier_C	CANDIDATE_NOT_CONFIRMED	REQUIRES_10X_DIAGNOSTICS	0.5	0.05	TRUE	DEPLETION_ONLY	long_lived
Dnaja1	Region_4	Region_3	WITHIN_MOUSE_TECHNICAL_PAIR	28.7609197459984	55.7161313359701	-0.942009056394714	-0.242717593877642	0.924217093459468	0.866915740079568	0.0573013533799001	TRUE	FALSE	FALSE	Tier_C	CANDIDATE_NOT_CONFIRMED	REQUIRES_10X_DIAGNOSTICS	0.5	0.05	TRUE	DEPLETION_ONLY	long_lived
Dnaja1	Region_2	Region_3	CROSS_MOUSE_DIAGNOSTIC_REFERENCE	42.3546240665644	55.7161313359701	-0.391533292897727	-0.20699326990704	0.74538779350405	0.866915740079568	-0.121527946575518	FALSE	TRUE	FALSE	Tier_C	CANDIDATE_NOT_CONFIRMED	REQUIRES_10X_DIAGNOSTICS	0.5	0.05	TRUE	Q20_LOSS_ONLY	long_lived
Dock8	Region_4	Region_3	WITHIN_MOUSE_TECHNICAL_PAIR	10.4713994929879	19.9238920060895	-0.896510249249914	-0.126850487455543	0.823193444251304	0.749275213323738	0.073918230927566	TRUE	FALSE	FALSE	Tier_C	CANDIDATE_NOT_CONFIRMED	REQUIRES_10X_DIAGNOSTICS	0.5	0.05	TRUE	DEPLETION_ONLY	long_lived
Dusp5	Region_4	Region_3	WITHIN_MOUSE_TECHNICAL_PAIR	1.35498245425723	3.85189638614985	-1.2302386671451	-0.0386952243659271	0.937464142283419	0.92827175531195	0.00919238697146896	TRUE	FALSE	FALSE	Tier_C	CANDIDATE_NOT_CONFIRMED	REQUIRES_10X_DIAGNOSTICS	0.5	0.05	TRUE	DEPLETION_ONLY	short_lived
Ear1	Region_4	Region_3	WITHIN_MOUSE_TECHNICAL_PAIR	0.350174277989553	1.3792816753899	-1.1443508047075	-0.0220216097304011	0.34416086620263	0.62121591193395	-0.27705504573132	TRUE	TRUE	FALSE	Tier_A	CANDIDATE_NOT_CONFIRMED	REQUIRES_10X_DIAGNOSTICS	0.5	0.05	TRUE	DEPLETION_AND_Q20_LOSS	common
Elmo1	Region_4	Region_3	WITHIN_MOUSE_TECHNICAL_PAIR	8.34658220304604	18.5127715115377	-1.10377675469839	-0.13410889291857	0.758126555547175	0.842347997642778	-0.084221442095603	TRUE	TRUE	FALSE	Tier_A	CANDIDATE_NOT_CONFIRMED	REQUIRES_10X_DIAGNOSTICS	0.5	0.05	TRUE	DEPLETION_AND_Q20_LOSS	long_lived
Elmo1	Region_2	Region_3	CROSS_MOUSE_DIAGNOSTIC_REFERENCE	12.222499616842	18.5127715115377	-0.579586702611074	-0.1331121866176	0.881012658227848	0.842347997642778	0.03866466058507	TRUE	FALSE	FALSE	Tier_A	CANDIDATE_NOT_CONFIRMED	REQUIRES_10X_DIAGNOSTICS	0.5	0.05	TRUE	DEPLETION_ONLY	long_lived
F5	Region_4	Region_3	WITHIN_MOUSE_TECHNICAL_PAIR	0.178287165033846	1.310197445133	-1.41617896751621	-0.0241507845290477	0.452482269503546	0.68	-0.227517730496454	TRUE	TRUE	FALSE	Tier_A	CANDIDATE_NOT_CONFIRMED	REQUIRES_10X_DIAGNOSTICS	0.5	0.05	TRUE	DEPLETION_AND_Q20_LOSS	long_lived
F5	Region_1	Region_3	CROSS_MOUSE_DIAGNOSTIC_REFERENCE	1.52150069656965	1.310197445133	0.159279634597755	-0.0078181459797872	0.617332926457125	0.68	-0.062667073542875	FALSE	TRUE	FALSE	Tier_A	CANDIDATE_NOT_CONFIRMED	REQUIRES_10X_DIAGNOSTICS	0.5	0.05	TRUE	Q20_LOSS_ONLY	long_lived
Fer	Region_1	Region_3	CROSS_MOUSE_DIAGNOSTIC_REFERENCE	12.3270784823997	13.5969779794316	-0.136193302851374	-0.095939406433409	0.629596098244794	0.818478697749196	-0.188882599504402	FALSE	TRUE	FALSE	Tier_C	CANDIDATE_NOT_CONFIRMED	REQUIRES_10X_DIAGNOSTICS	0.5	0.05	TRUE	Q20_LOSS_ONLY	long_lived
Fgfr1	Region_4	Region_3	WITHIN_MOUSE_TECHNICAL_PAIR	42.9187492359938	62.3115727619743	-0.532712227127434	-0.061212596256468	0.929058132918858	0.840461068222485	0.088597064696373	TRUE	FALSE	FALSE	Tier_C	CANDIDATE_NOT_CONFIRMED	REQUIRES_10X_DIAGNOSTICS	0.5	0.05	TRUE	DEPLETION_ONLY	long_lived
Il1rl1	Region_4	Region_3	WITHIN_MOUSE_TECHNICAL_PAIR	2.27750424666313	3.50166937536923	-0.526812856861644	-0.027940609029525	0.690870387890255	0.720533566586486	-0.029663178696231	TRUE	FALSE	FALSE	Tier_C	CANDIDATE_NOT_CONFIRMED	REQUIRES_10X_DIAGNOSTICS	0.5	0.05	TRUE	DEPLETION_ONLY	long_lived
Il5ra	Region_1	Region_3	CROSS_MOUSE_DIAGNOSTIC_REFERENCE	3.93203194956607	2.84146442708808	0.407487766028283	-0.0073577229788363	0.67713717693837	0.780028712713351	-0.102891535774981	FALSE	TRUE	FALSE	Tier_A	CANDIDATE_NOT_CONFIRMED	REQUIRES_10X_DIAGNOSTICS	0.5	0.05	TRUE	Q20_LOSS_ONLY	common
Il5ra	Region_4	Region_3	WITHIN_MOUSE_TECHNICAL_PAIR	0.480003905860354	2.84146442708808	-1.7696211111812	-0.0457607071917181	0.572434607645875	0.780028712713351	-0.207594105067476	TRUE	TRUE	FALSE	Tier_A	CANDIDATE_NOT_CONFIRMED	REQUIRES_10X_DIAGNOSTICS	0.5	0.05	TRUE	DEPLETION_AND_Q20_LOSS	common
Il5ra	Region_2	Region_3	CROSS_MOUSE_DIAGNOSTIC_REFERENCE	2.91489265310175	2.84146442708808	0.0313597127412524	-0.0147622602143872	0.676533219761499	0.780028712713351	-0.103495492951852	FALSE	TRUE	FALSE	Tier_A	CANDIDATE_NOT_CONFIRMED	REQUIRES_10X_DIAGNOSTICS	0.5	0.05	TRUE	Q20_LOSS_ONLY	common
Itgal	Region_4	Region_3	WITHIN_MOUSE_TECHNICAL_PAIR	4.72323843366588	15.8779590427833	-1.64873911779039	-0.138633614586454	0.688652142686138	0.811554332874828	-0.12290219018869	TRUE	TRUE	FALSE	Tier_A	CANDIDATE_NOT_CONFIRMED	REQUIRES_10X_DIAGNOSTICS	0.5	0.05	TRUE	DEPLETION_AND_Q20_LOSS	short_lived
Itgal	Region_2	Region_3	CROSS_MOUSE_DIAGNOSTIC_REFERENCE	10.3939442719564	15.8779590427833	-0.588229192971087	-0.0927981916801141	0.777336118035438	0.811554332874828	-0.03421821483939	TRUE	FALSE	FALSE	Tier_A	CANDIDATE_NOT_CONFIRMED	REQUIRES_10X_DIAGNOSTICS	0.5	0.05	TRUE	DEPLETION_ONLY	short_lived
Itgam	Region_4	Region_3	WITHIN_MOUSE_TECHNICAL_PAIR	5.48484463096431	16.4883031987921	-1.50515606272268	-0.0764403100993218	0.788745579363428	0.803239034279395	-0.014493454915967	TRUE	FALSE	FALSE	Tier_C	CANDIDATE_NOT_CONFIRMED	REQUIRES_10X_DIAGNOSTICS	0.5	0.05	TRUE	DEPLETION_ONLY	common
Kctd12	Region_4	Region_3	WITHIN_MOUSE_TECHNICAL_PAIR	28.649375981208	68.4576663250902	-1.24224595227967	-0.235870320670232	0.587298544453725	0.828911481603328	-0.241612937149603	TRUE	TRUE	FALSE	Tier_A	CANDIDATE_NOT_CONFIRMED	REQUIRES_10X_DIAGNOSTICS	0.5	0.05	TRUE	DEPLETION_AND_Q20_LOSS	long_lived
Kctd12	Region_1	Region_3	CROSS_MOUSE_DIAGNOSTIC_REFERENCE	32.0505664342495	68.4576663250902	-1.08302830245356	-0.302611473003654	0.847536531747058	0.828911481603328	0.0186250501437301	TRUE	FALSE	FALSE	Tier_A	CANDIDATE_NOT_CONFIRMED	REQUIRES_10X_DIAGNOSTICS	0.5	0.05	TRUE	DEPLETION_ONLY	long_lived
Kdm6b	Region_1	Region_3	CROSS_MOUSE_DIAGNOSTIC_REFERENCE	8.49734593932655	11.971396004865	-0.471051565143415	-0.108808515370791	0.673510198640181	0.807750157245604	-0.134239958605423	FALSE	TRUE	FALSE	Tier_C	CANDIDATE_NOT_CONFIRMED	REQUIRES_10X_DIAGNOSTICS	0.5	0.05	TRUE	Q20_LOSS_ONLY	short_lived
Klf2	Region_1	Region_3	CROSS_MOUSE_DIAGNOSTIC_REFERENCE	34.6137348969338	37.5680044137014	-0.116543485831502	-0.105337374793261	0.660262209200275	0.811782383776282	-0.151520174576007	FALSE	TRUE	FALSE	Tier_C	CANDIDATE_NOT_CONFIRMED	REQUIRES_10X_DIAGNOSTICS	0.5	0.05	TRUE	Q20_LOSS_ONLY	long_lived
Lcp1	Region_4	Region_3	WITHIN_MOUSE_TECHNICAL_PAIR	9.94293804996448	87.7634046534897	-3.07928773708918	-0.337817130741365	0.870372588954115	0.816702988038162	0.053669600915953	TRUE	FALSE	FALSE	Tier_C	CANDIDATE_NOT_CONFIRMED	REQUIRES_10X_DIAGNOSTICS	0.5	0.05	TRUE	DEPLETION_ONLY	short_lived
Lmna	Region_1	Region_3	CROSS_MOUSE_DIAGNOSTIC_REFERENCE	13.8713123804122	25.9600515332314	-0.880624057456518	-0.220032836070878	0.871342410914167	0.793641406130989	0.077701004783178	TRUE	FALSE	FALSE	Tier_C	CANDIDATE_NOT_CONFIRMED	REQUIRES_10X_DIAGNOSTICS	0.5	0.05	TRUE	DEPLETION_ONLY	long_lived
Lyn	Region_1	Region_3	CROSS_MOUSE_DIAGNOSTIC_REFERENCE	41.7990503529857	47.6230639444837	-0.186103226234426	-0.133050781037205	0.719851933754777	0.817814861972747	-0.09796292821797	FALSE	TRUE	FALSE	Tier_A	CANDIDATE_NOT_CONFIRMED	REQUIRES_10X_DIAGNOSTICS	0.5	0.05	TRUE	Q20_LOSS_ONLY	long_lived
Lyn	Region_2	Region_3	CROSS_MOUSE_DIAGNOSTIC_REFERENCE	36.1739720521172	47.6230639444837	-0.391971971652694	-0.190105231271077	0.73087771417127	0.817814861972747	-0.086937147801477	FALSE	TRUE	FALSE	Tier_A	CANDIDATE_NOT_CONFIRMED	REQUIRES_10X_DIAGNOSTICS	0.5	0.05	TRUE	Q20_LOSS_ONLY	long_lived
Lyn	Region_4	Region_3	WITHIN_MOUSE_TECHNICAL_PAIR	20.768168993558	47.6230639444837	-1.17803266529364	-0.205319697846027	0.626286971171846	0.817814861972747	-0.191527890800901	TRUE	TRUE	FALSE	Tier_A	CANDIDATE_NOT_CONFIRMED	REQUIRES_10X_DIAGNOSTICS	0.5	0.05	TRUE	DEPLETION_AND_Q20_LOSS	long_lived
Mbnl1	Region_4	Region_3	WITHIN_MOUSE_TECHNICAL_PAIR	26.9954196655863	40.7530877947629	-0.585310802385142	-0.159440692992922	0.515841208961565	0.666311049441703	-0.150469840480138	TRUE	TRUE	FALSE	Tier_A	CANDIDATE_NOT_CONFIRMED	REQUIRES_10X_DIAGNOSTICS	0.5	0.05	TRUE	DEPLETION_AND_Q20_LOSS	long_lived
Mctp1	Region_1	Region_3	CROSS_MOUSE_DIAGNOSTIC_REFERENCE	5.64838865850323	4.30424791122328	0.355897765447866	-0.0110970693674472	0.610337502950201	0.720848676135367	-0.110511173185166	FALSE	TRUE	FALSE	Tier_C	CANDIDATE_NOT_CONFIRMED	REQUIRES_10X_DIAGNOSTICS	0.5	0.05	TRUE	Q20_LOSS_ONLY	long_lived
Mxd1	Region_2	Region_3	CROSS_MOUSE_DIAGNOSTIC_REFERENCE	3.00453716921896	9.16957991861998	-1.46422928957849	-0.113031230408124	0.988364845210887	0.961972857272976	0.026391987937911	TRUE	FALSE	FALSE	Tier_C	CANDIDATE_NOT_CONFIRMED	REQUIRES_10X_DIAGNOSTICS	0.5	0.05	TRUE	DEPLETION_ONLY	short_lived
Mxd1	Region_1	Region_3	CROSS_MOUSE_DIAGNOSTIC_REFERENCE	4.61321609280083	9.16957991861998	-0.919222217250214	-0.101561099382899	0.988897700237906	0.961972857272976	0.02692484296493	TRUE	FALSE	FALSE	Tier_C	CANDIDATE_NOT_CONFIRMED	REQUIRES_10X_DIAGNOSTICS	0.5	0.05	TRUE	DEPLETION_ONLY	short_lived
Ncf1	Region_4	Region_3	WITHIN_MOUSE_TECHNICAL_PAIR	6.6478255228774	19.8824414679354	-1.51175054805136	-0.150435317852317	0.781026153589872	0.805075921908894	-0.0240497683190219	TRUE	FALSE	FALSE	Tier_C	CANDIDATE_NOT_CONFIRMED	REQUIRES_10X_DIAGNOSTICS	0.5	0.05	TRUE	DEPLETION_ONLY	short_lived
Ncf1	Region_2	Region_3	CROSS_MOUSE_DIAGNOSTIC_REFERENCE	7.90606796982161	19.8824414679354	-1.27782384504968	-0.151755087515864	0.620550705171256	0.805075921908894	-0.184525216737638	TRUE	TRUE	FALSE	Tier_C	CANDIDATE_NOT_CONFIRMED	REQUIRES_10X_DIAGNOSTICS	0.5	0.05	TRUE	DEPLETION_AND_Q20_LOSS	short_lived
Nfkbia	Region_4	Region_3	WITHIN_MOUSE_TECHNICAL_PAIR	8.23778131771769	35.1278292545403	-2.02766568038011	-0.304860740053808	0.918957070497384	0.792645692287269	0.126311378210115	TRUE	FALSE	FALSE	Tier_C	CANDIDATE_NOT_CONFIRMED	REQUIRES_10X_DIAGNOSTICS	0.5	0.05	TRUE	DEPLETION_ONLY	short_lived
Nfkbia	Region_1	Region_3	CROSS_MOUSE_DIAGNOSTIC_REFERENCE	20.7196893150787	35.1278292545403	-0.747601051693177	-0.24107676140099	0.939254513686663	0.792645692287269	0.146608821399394	TRUE	FALSE	FALSE	Tier_C	CANDIDATE_NOT_CONFIRMED	REQUIRES_10X_DIAGNOSTICS	0.5	0.05	TRUE	DEPLETION_ONLY	short_lived
Nr4a1	Region_1	Region_3	CROSS_MOUSE_DIAGNOSTIC_REFERENCE	1.42732029059202	4.93621843496465	-1.49600708181566	-0.0532364863563413	0.72641863960917	0.798901281837856	-0.0724826422286861	TRUE	TRUE	FALSE	Tier_C	CANDIDATE_NOT_CONFIRMED	REQUIRES_10X_DIAGNOSTICS	0.5	0.05	TRUE	DEPLETION_AND_Q20_LOSS	short_lived
Nr4a1	Region_4	Region_3	WITHIN_MOUSE_TECHNICAL_PAIR	5.52507352974118	4.93621843496465	0.14837542123667	-0.000383913502923897	0.691531011745312	0.798901281837856	-0.107370270092544	FALSE	TRUE	FALSE	Tier_C	CANDIDATE_NOT_CONFIRMED	REQUIRES_10X_DIAGNOSTICS	0.5	0.05	TRUE	Q20_LOSS_ONLY	short_lived
Nr4a1	Region_2	Region_3	CROSS_MOUSE_DIAGNOSTIC_REFERENCE	1.40057507439049	4.93621843496465	-1.51616741275124	-0.0503013055354554	0.811094452773613	0.798901281837856	0.012193170935757	TRUE	FALSE	FALSE	Tier_C	CANDIDATE_NOT_CONFIRMED	REQUIRES_10X_DIAGNOSTICS	0.5	0.05	TRUE	DEPLETION_ONLY	short_lived
Pim1	Region_2	Region_3	CROSS_MOUSE_DIAGNOSTIC_REFERENCE	5.97533715495296	8.79952873741781	-0.522202295757639	-0.062176484925055	0.848423085174855	0.726900543516623	0.121522541658232	TRUE	FALSE	FALSE	Tier_C	CANDIDATE_NOT_CONFIRMED	REQUIRES_10X_DIAGNOSTICS	0.5	0.05	TRUE	DEPLETION_ONLY	short_lived
Pim1	Region_1	Region_3	CROSS_MOUSE_DIAGNOSTIC_REFERENCE	5.12146552505942	8.79952873741781	-0.726211315723811	-0.0824730433986652	0.684103512014787	0.726900543516623	-0.042797031501836	TRUE	FALSE	FALSE	Tier_C	CANDIDATE_NOT_CONFIRMED	REQUIRES_10X_DIAGNOSTICS	0.5	0.05	TRUE	DEPLETION_ONLY	short_lived
Plek	Region_4	Region_3	WITHIN_MOUSE_TECHNICAL_PAIR	11.081233026719	22.9125358802466	-1.01549234357123	-0.138442993595509	0.970071684587814	0.950827747199794	0.01924393738802	TRUE	FALSE	FALSE	Tier_C	CANDIDATE_NOT_CONFIRMED	REQUIRES_10X_DIAGNOSTICS	0.5	0.05	TRUE	DEPLETION_ONLY	long_lived
Prrc2c	Region_4	Region_3	WITHIN_MOUSE_TECHNICAL_PAIR	12.8485616934392	59.715807901626	-2.17345797415234	-0.428455330016802	0.985606720278646	0.973083009532017	0.0125237107466291	TRUE	FALSE	FALSE	Tier_C	CANDIDATE_NOT_CONFIRMED	REQUIRES_10X_DIAGNOSTICS	0.5	0.05	TRUE	DEPLETION_ONLY	long_lived
Ptafr	Region_1	Region_3	CROSS_MOUSE_DIAGNOSTIC_REFERENCE	4.33960577543478	8.17296480560959	-0.841635721928889	-0.0547985311087077	0.569830153747082	0.734305960817007	-0.164475807069925	TRUE	TRUE	FALSE	Tier_C	CANDIDATE_NOT_CONFIRMED	REQUIRES_10X_DIAGNOSTICS	0.5	0.05	TRUE	DEPLETION_AND_Q20_LOSS	short_lived
Ptafr	Region_4	Region_3	WITHIN_MOUSE_TECHNICAL_PAIR	5.76736121555641	8.17296480560959	-0.468667110800151	-0.0232811394295395	0.62615087040619	0.734305960817007	-0.108155090410817	FALSE	TRUE	FALSE	Tier_C	CANDIDATE_NOT_CONFIRMED	REQUIRES_10X_DIAGNOSTICS	0.5	0.05	TRUE	Q20_LOSS_ONLY	short_lived
Ptafr	Region_2	Region_3	CROSS_MOUSE_DIAGNOSTIC_REFERENCE	3.56168265648511	8.17296480560959	-1.0944477304103	-0.0591908151754689	0.864143619602135	0.734305960817007	0.129837658785128	TRUE	FALSE	FALSE	Tier_C	CANDIDATE_NOT_CONFIRMED	REQUIRES_10X_DIAGNOSTICS	0.5	0.05	TRUE	DEPLETION_ONLY	short_lived
Ptprc	Region_4	Region_3	WITHIN_MOUSE_TECHNICAL_PAIR	9.09173112357211	37.1973525000622	-1.97460008335917	-0.200217162250298	0.87664168882443	0.82945716490867	0.04718452391576	TRUE	FALSE	FALSE	Tier_C	CANDIDATE_NOT_CONFIRMED	REQUIRES_10X_DIAGNOSTICS	0.5	0.05	TRUE	DEPLETION_ONLY	long_lived
Ptprc	Region_2	Region_3	CROSS_MOUSE_DIAGNOSTIC_REFERENCE	25.7935226535548	37.1973525000622	-0.519755767197142	-0.122353232001229	0.928985134178519	0.82945716490867	0.099527969269849	TRUE	FALSE	FALSE	Tier_C	CANDIDATE_NOT_CONFIRMED	REQUIRES_10X_DIAGNOSTICS	0.5	0.05	TRUE	DEPLETION_ONLY	long_lived
Rab8b	Region_2	Region_3	CROSS_MOUSE_DIAGNOSTIC_REFERENCE	9.71727276320064	22.2120818586854	-1.15244979641244	-0.185783157482829	0.912297833384193	0.834248003966422	0.0780498294177711	TRUE	FALSE	FALSE	Tier_C	CANDIDATE_NOT_CONFIRMED	REQUIRES_10X_DIAGNOSTICS	0.5	0.05	TRUE	DEPLETION_ONLY	long_lived
Rab8b	Region_1	Region_3	CROSS_MOUSE_DIAGNOSTIC_REFERENCE	23.7967905103823	22.2120818586854	0.0973057993809888	-0.099205008750936	0.764265841210178	0.834248003966422	-0.0699821627562439	FALSE	TRUE	FALSE	Tier_C	CANDIDATE_NOT_CONFIRMED	REQUIRES_10X_DIAGNOSTICS	0.5	0.05	TRUE	Q20_LOSS_ONLY	long_lived
Rbm39	Region_1	Region_3	CROSS_MOUSE_DIAGNOSTIC_REFERENCE	23.296660078639	36.8885760274357	-0.65183842424856	-0.26760722190103	0.687176679379224	0.715915666136265	-0.028738986757041	TRUE	FALSE	FALSE	Tier_C	CANDIDATE_NOT_CONFIRMED	REQUIRES_10X_DIAGNOSTICS	0.5	0.05	TRUE	DEPLETION_ONLY	long_lived
Rbms1	Region_1	Region_3	CROSS_MOUSE_DIAGNOSTIC_REFERENCE	18.4471810708426	36.3635358774833	-0.960211235397932	-0.276059656140172	0.836771718847191	0.840240173119711	-0.00346845427251996	TRUE	FALSE	FALSE	Tier_C	CANDIDATE_NOT_CONFIRMED	REQUIRES_10X_DIAGNOSTICS	0.5	0.05	TRUE	DEPLETION_ONLY	long_lived
Rbms1	Region_4	Region_3	WITHIN_MOUSE_TECHNICAL_PAIR	46.8602670229728	36.3635358774833	0.361482757018929	0.067803242311004	0.742193382646056	0.840240173119711	-0.0980467904736549	FALSE	TRUE	FALSE	Tier_C	CANDIDATE_NOT_CONFIRMED	REQUIRES_10X_DIAGNOSTICS	0.5	0.05	TRUE	Q20_LOSS_ONLY	long_lived
Rgs1	Region_2	Region_3	CROSS_MOUSE_DIAGNOSTIC_REFERENCE	1.21068292734649	2.05630713190751	-0.579488798643672	-0.0235449959305565	0.733514986376022	0.671247938427708	0.0622670479483139	TRUE	FALSE	FALSE	Tier_C	CANDIDATE_NOT_CONFIRMED	REQUIRES_10X_DIAGNOSTICS	0.5	0.05	TRUE	DEPLETION_ONLY	long_lived
Rgs1	Region_4	Region_3	WITHIN_MOUSE_TECHNICAL_PAIR	1.05052283396866	2.05630713190751	-0.721306409634068	-0.0199710919085084	0.688787185354691	0.671247938427708	0.0175392469269829	TRUE	FALSE	FALSE	Tier_C	CANDIDATE_NOT_CONFIRMED	REQUIRES_10X_DIAGNOSTICS	0.5	0.05	TRUE	DEPLETION_ONLY	long_lived
Rpl17	Region_4	Region_3	WITHIN_MOUSE_TECHNICAL_PAIR	13.1703928836541	17.2175923773301	-0.374127864856917	-0.066749236625224	0.643549671784449	0.71612409317925	-0.072574421394801	FALSE	TRUE	FALSE	Tier_C	CANDIDATE_NOT_CONFIRMED	REQUIRES_10X_DIAGNOSTICS	0.5	0.05	TRUE	Q20_LOSS_ONLY	short_lived
Rpl32	Region_2	Region_3	CROSS_MOUSE_DIAGNOSTIC_REFERENCE	110.105635941089	157.306594492269	-0.512732594219525	-0.180817497703131	0.880882850316213	0.811952895768842	0.0689299545473711	TRUE	FALSE	FALSE	Tier_C	CANDIDATE_NOT_CONFIRMED	REQUIRES_10X_DIAGNOSTICS	0.5	0.05	TRUE	DEPLETION_ONLY	short_lived
Rpl32	Region_4	Region_3	WITHIN_MOUSE_TECHNICAL_PAIR	44.2609315860947	157.306594492269	-1.81784552678977	-0.348608482696353	0.922786736268149	0.811952895768842	0.110833840499307	TRUE	FALSE	FALSE	Tier_C	CANDIDATE_NOT_CONFIRMED	REQUIRES_10X_DIAGNOSTICS	0.5	0.05	TRUE	DEPLETION_ONLY	short_lived
Rpl32	Region_1	Region_3	CROSS_MOUSE_DIAGNOSTIC_REFERENCE	52.4528028291794	157.306594492269	-1.57537854037739	-0.425316748936277	0.886898813241724	0.811952895768842	0.074945917472882	TRUE	FALSE	FALSE	Tier_C	CANDIDATE_NOT_CONFIRMED	REQUIRES_10X_DIAGNOSTICS	0.5	0.05	TRUE	DEPLETION_ONLY	short_lived
Rpl37a	Region_2	Region_3	CROSS_MOUSE_DIAGNOSTIC_REFERENCE	72.5127743435467	167.482401242891	-1.20208929060301	-0.320191067463391	0.933222965195235	0.850025929738267	0.083197035456968	TRUE	FALSE	FALSE	Tier_C	CANDIDATE_NOT_CONFIRMED	REQUIRES_10X_DIAGNOSTICS	0.5	0.05	TRUE	DEPLETION_ONLY	short_lived
Rpl37a	Region_4	Region_3	WITHIN_MOUSE_TECHNICAL_PAIR	106.071720263598	167.482401242891	-0.656485439123237	-0.182629609099344	0.865959956957835	0.850025929738267	0.015934027219568	TRUE	FALSE	FALSE	Tier_C	CANDIDATE_NOT_CONFIRMED	REQUIRES_10X_DIAGNOSTICS	0.5	0.05	TRUE	DEPLETION_ONLY	short_lived
Rpl5	Region_4	Region_3	WITHIN_MOUSE_TECHNICAL_PAIR	38.9946030189411	116.996246503587	-1.5728872436627	-0.313917643140563	0.869576308527168	0.827786988564745	0.0417893199624231	TRUE	FALSE	FALSE	Tier_C	CANDIDATE_NOT_CONFIRMED	REQUIRES_10X_DIAGNOSTICS	0.5	0.05	TRUE	DEPLETION_ONLY	short_lived
Rps12	Region_2	Region_3	CROSS_MOUSE_DIAGNOSTIC_REFERENCE	145.910426813928	270.47016804769	-0.888115728784344	-0.223172917730208	0.926480213751561	0.881564838808999	0.0449153749425619	TRUE	FALSE	FALSE	Tier_C	CANDIDATE_NOT_CONFIRMED	REQUIRES_10X_DIAGNOSTICS	0.5	0.05	TRUE	DEPLETION_ONLY	short_lived
Rps13	Region_4	Region_3	WITHIN_MOUSE_TECHNICAL_PAIR	19.3071285334345	82.2018237515909	-2.06189939834056	-0.347597186556928	0.617927115010718	0.76842380712464	-0.150496692113922	TRUE	TRUE	FALSE	Tier_A	CANDIDATE_NOT_CONFIRMED	REQUIRES_10X_DIAGNOSTICS	0.5	0.05	TRUE	DEPLETION_AND_Q20_LOSS	short_lived
Rps13	Region_2	Region_3	CROSS_MOUSE_DIAGNOSTIC_REFERENCE	48.3569509683054	82.2018237515909	-0.759355312575914	-0.218041821984011	0.903603552100008	0.76842380712464	0.135179744975368	TRUE	FALSE	FALSE	Tier_A	CANDIDATE_NOT_CONFIRMED	REQUIRES_10X_DIAGNOSTICS	0.5	0.05	TRUE	DEPLETION_ONLY	short_lived
Rps13	Region_1	Region_3	CROSS_MOUSE_DIAGNOSTIC_REFERENCE	31.5821001045159	82.2018237515909	-1.36615056008784	-0.351642198960486	0.69903447306133	0.76842380712464	-0.0693893340633099	TRUE	TRUE	FALSE	Tier_A	CANDIDATE_NOT_CONFIRMED	REQUIRES_10X_DIAGNOSTICS	0.5	0.05	TRUE	DEPLETION_AND_Q20_LOSS	short_lived
Rps15	Region_4	Region_3	WITHIN_MOUSE_TECHNICAL_PAIR	94.710713531749	220.408731141357	-1.21425461431303	-0.245205532527801	0.930100104434652	0.833626243210784	0.0964738612238679	TRUE	FALSE	FALSE	Tier_C	CANDIDATE_NOT_CONFIRMED	REQUIRES_10X_DIAGNOSTICS	0.5	0.05	TRUE	DEPLETION_ONLY	short_lived
Rps16	Region_1	Region_3	CROSS_MOUSE_DIAGNOSTIC_REFERENCE	280.978310333693	198.447755441344	0.500634135482078	-0.036202293398086	0.790268445587526	0.844077815175693	-0.0538093695881671	FALSE	TRUE	FALSE	Tier_C	CANDIDATE_NOT_CONFIRMED	REQUIRES_10X_DIAGNOSTICS	0.5	0.05	TRUE	Q20_LOSS_ONLY	short_lived
Rps23	Region_4	Region_3	WITHIN_MOUSE_TECHNICAL_PAIR	244.110786364342	241.901135540496	0.0130915651851343	-0.000774887585086925	0.769306595356408	0.828504814072158	-0.05919821871575	FALSE	TRUE	FALSE	Tier_C	CANDIDATE_NOT_CONFIRMED	REQUIRES_10X_DIAGNOSTICS	0.5	0.05	TRUE	Q20_LOSS_ONLY	short_lived
Rps27a	Region_4	Region_3	WITHIN_MOUSE_TECHNICAL_PAIR	52.3332258429349	217.602709928053	-2.04549029113769	-0.452247718738017	0.986038217031342	0.956604115339795	0.029434101691547	TRUE	FALSE	FALSE	Tier_C	CANDIDATE_NOT_CONFIRMED	REQUIRES_10X_DIAGNOSTICS	0.5	0.05	TRUE	DEPLETION_ONLY	short_lived
Rps29	Region_1	Region_3	CROSS_MOUSE_DIAGNOSTIC_REFERENCE	181.104861194726	328.70336829476	-0.858176275817462	-0.231625575217174	0.809565956704672	0.811695237588605	-0.00212928088393294	TRUE	FALSE	FALSE	Tier_A	CANDIDATE_NOT_CONFIRMED	REQUIRES_10X_DIAGNOSTICS	0.5	0.05	TRUE	DEPLETION_ONLY	short_lived
Rps29	Region_4	Region_3	WITHIN_MOUSE_TECHNICAL_PAIR	188.70096405813	328.70336829476	-0.79905965715934	-0.085202813032913	0.594515960896767	0.811695237588605	-0.217179276691838	TRUE	TRUE	FALSE	Tier_A	CANDIDATE_NOT_CONFIRMED	REQUIRES_10X_DIAGNOSTICS	0.5	0.05	TRUE	DEPLETION_AND_Q20_LOSS	short_lived
Rps8	Region_4	Region_3	WITHIN_MOUSE_TECHNICAL_PAIR	83.1750768074821	244.83811642507	-1.55190151718762	-0.279781956275935	0.880692899547783	0.845981749364857	0.0347111501829259	TRUE	FALSE	FALSE	Tier_C	CANDIDATE_NOT_CONFIRMED	REQUIRES_10X_DIAGNOSTICS	0.5	0.05	TRUE	DEPLETION_ONLY	short_lived
Rsrp1	Region_1	Region_3	CROSS_MOUSE_DIAGNOSTIC_REFERENCE	112.457899937703	154.554639198296	-0.456991519656267	-0.279947523037816	0.66924689128201	0.760303370175334	-0.091056478893324	FALSE	TRUE	FALSE	Tier_C	CANDIDATE_NOT_CONFIRMED	REQUIRES_10X_DIAGNOSTICS	0.5	0.05	TRUE	Q20_LOSS_ONLY	long_lived
S1pr1	Region_2	Region_3	CROSS_MOUSE_DIAGNOSTIC_REFERENCE	14.2737203727284	37.7217919175776	-1.37136223982447	-0.233576877643833	0.938864394020862	0.840682303773098	0.0981820902477639	TRUE	FALSE	FALSE	Tier_C	CANDIDATE_NOT_CONFIRMED	REQUIRES_10X_DIAGNOSTICS	0.5	0.05	TRUE	DEPLETION_ONLY	long_lived
S1pr1	Region_4	Region_3	WITHIN_MOUSE_TECHNICAL_PAIR	19.9681624837907	37.7217919175776	-0.901013825313886	-0.167637375461847	0.939165942001588	0.840682303773098	0.0984836382284899	TRUE	FALSE	FALSE	Tier_C	CANDIDATE_NOT_CONFIRMED	REQUIRES_10X_DIAGNOSTICS	0.5	0.05	TRUE	DEPLETION_ONLY	long_lived
Siglecf	Region_4	Region_3	WITHIN_MOUSE_TECHNICAL_PAIR	0.660119657202239	1.88269545760974	-1.03832095069866	-0.0261288123946418	0.598303777949113	0.801126622581435	-0.202822844632322	TRUE	TRUE	FALSE	Tier_A	CANDIDATE_NOT_CONFIRMED	REQUIRES_10X_DIAGNOSTICS	0.5	0.05	TRUE	DEPLETION_AND_Q20_LOSS	common
Sirpa	Region_4	Region_3	WITHIN_MOUSE_TECHNICAL_PAIR	34.7038252471266	31.7300865907749	0.127324136190857	0.035721372843939	0.763664638887618	0.828435884727041	-0.064771245839423	FALSE	TRUE	FALSE	Tier_C	CANDIDATE_NOT_CONFIRMED	REQUIRES_10X_DIAGNOSTICS	0.5	0.05	TRUE	Q20_LOSS_ONLY	short_lived
Slc16a3	Region_4	Region_3	WITHIN_MOUSE_TECHNICAL_PAIR	0.469946681166137	1.59494462027883	-1.11093475852222	-0.0233425441299477	0.685549132947977	0.712144308943089	-0.026595175995112	TRUE	FALSE	FALSE	Tier_C	CANDIDATE_NOT_CONFIRMED	REQUIRES_10X_DIAGNOSTICS	0.5	0.05	TRUE	DEPLETION_ONLY	short_lived
Slk	Region_4	Region_3	WITHIN_MOUSE_TECHNICAL_PAIR	19.2065562864923	19.9280971331486	-0.0518791360450469	-0.006880823776237	0.706002449979584	0.811587462418816	-0.105585012439232	FALSE	TRUE	FALSE	Tier_C	CANDIDATE_NOT_CONFIRMED	REQUIRES_10X_DIAGNOSTICS	0.5	0.05	TRUE	Q20_LOSS_ONLY	long_lived
Slk	Region_1	Region_3	CROSS_MOUSE_DIAGNOSTIC_REFERENCE	11.0434645009287	19.9280971331486	-0.823478543869018	-0.184727288746101	0.870385090973326	0.811587462418816	0.05879762855451	TRUE	FALSE	FALSE	Tier_C	CANDIDATE_NOT_CONFIRMED	REQUIRES_10X_DIAGNOSTICS	0.5	0.05	TRUE	DEPLETION_ONLY	long_lived
Srgn	Region_4	Region_3	WITHIN_MOUSE_TECHNICAL_PAIR	7.30885947323366	27.4360511309809	-1.83894434928703	-0.222485692668184	0.918936386298587	0.805852037082215	0.113084349216372	TRUE	FALSE	FALSE	Tier_C	CANDIDATE_NOT_CONFIRMED	REQUIRES_10X_DIAGNOSTICS	0.5	0.05	TRUE	DEPLETION_ONLY	short_lived
Srpk2	Region_4	Region_3	WITHIN_MOUSE_TECHNICAL_PAIR	5.75638969770817	14.3539008500724	-1.24743957037436	-0.137277457857489	0.744053046000829	0.825259285524333	-0.081206239523504	TRUE	TRUE	FALSE	Tier_A	CANDIDATE_NOT_CONFIRMED	REQUIRES_10X_DIAGNOSTICS	0.5	0.05	TRUE	DEPLETION_AND_Q20_LOSS	long_lived
Srpk2	Region_1	Region_3	CROSS_MOUSE_DIAGNOSTIC_REFERENCE	14.2886290068993	14.3539008500724	-0.00635354115221098	-0.087167355781099	0.684532739679621	0.825259285524333	-0.140726545844712	FALSE	TRUE	FALSE	Tier_A	CANDIDATE_NOT_CONFIRMED	REQUIRES_10X_DIAGNOSTICS	0.5	0.05	TRUE	Q20_LOSS_ONLY	long_lived
Srsf2	Region_4	Region_3	WITHIN_MOUSE_TECHNICAL_PAIR	27.7058254462596	73.0472621438963	-1.38267847882112	-0.318630290474537	0.420008517282987	0.826079642941249	-0.406071125658262	TRUE	TRUE	FALSE	Tier_A	CANDIDATE_NOT_CONFIRMED	REQUIRES_10X_DIAGNOSTICS	0.5	0.05	TRUE	DEPLETION_AND_Q20_LOSS	long_lived
Srsf2	Region_2	Region_3	CROSS_MOUSE_DIAGNOSTIC_REFERENCE	46.4088696019301	73.0472621438963	-0.648810901441419	-0.257685716659328	0.896592487513668	0.826079642941249	0.070512844572419	TRUE	FALSE	FALSE	Tier_A	CANDIDATE_NOT_CONFIRMED	REQUIRES_10X_DIAGNOSTICS	0.5	0.05	TRUE	DEPLETION_ONLY	long_lived
Srsf2	Region_1	Region_3	CROSS_MOUSE_DIAGNOSTIC_REFERENCE	78.3840785750375	73.0472621438963	0.101062508888286	-0.123334723773342	0.754023594797309	0.826079642941249	-0.0720560481439401	FALSE	TRUE	FALSE	Tier_A	CANDIDATE_NOT_CONFIRMED	REQUIRES_10X_DIAGNOSTICS	0.5	0.05	TRUE	Q20_LOSS_ONLY	long_lived
Stk19	Region_4	Region_3	WITHIN_MOUSE_TECHNICAL_PAIR	2.2994472823596	6.57982238264181	-1.33857115440596	-0.0809494915348394	0.761111111111111	0.763086767058304	-0.00197565594719307	TRUE	FALSE	FALSE	Tier_C	CANDIDATE_NOT_CONFIRMED	REQUIRES_10X_DIAGNOSTICS	0.5	0.05	TRUE	DEPLETION_ONLY	short_lived
Stk19	Region_1	Region_3	CROSS_MOUSE_DIAGNOSTIC_REFERENCE	7.43132117166595	6.57982238264181	0.163848038348797	-0.0374996089105402	0.615588430117024	0.763086767058304	-0.14749833694128	FALSE	TRUE	FALSE	Tier_C	CANDIDATE_NOT_CONFIRMED	REQUIRES_10X_DIAGNOSTICS	0.5	0.05	TRUE	Q20_LOSS_ONLY	short_lived
Taldo1	Region_1	Region_3	CROSS_MOUSE_DIAGNOSTIC_REFERENCE	32.0310808330127	83.7625266229598	-1.37307241977025	-0.33243484451094	0.913313157022319	0.808328081711276	0.104985075311043	TRUE	FALSE	FALSE	Tier_C	CANDIDATE_NOT_CONFIRMED	REQUIRES_10X_DIAGNOSTICS	0.5	0.05	TRUE	DEPLETION_ONLY	short_lived
Tgm2	Region_4	Region_3	WITHIN_MOUSE_TECHNICAL_PAIR	24.9583745184304	19.1615625435156	0.372762328039838	0.074399145347645	0.727670922902861	0.828615715462708	-0.100944792559847	FALSE	TRUE	FALSE	Tier_C	CANDIDATE_NOT_CONFIRMED	REQUIRES_10X_DIAGNOSTICS	0.5	0.05	TRUE	Q20_LOSS_ONLY	short_lived
Thbs1	Region_1	Region_3	CROSS_MOUSE_DIAGNOSTIC_REFERENCE	3.92310104899922	4.00868755221116	-0.0276493339925474	-0.0256714072030632	0.60591035303451	0.698053037932192	-0.092142684897682	FALSE	TRUE	FALSE	Tier_C	CANDIDATE_NOT_CONFIRMED	REQUIRES_10X_DIAGNOSTICS	0.5	0.05	TRUE	Q20_LOSS_ONLY	short_lived
Trerf1	Region_2	Region_3	CROSS_MOUSE_DIAGNOSTIC_REFERENCE	8.59237867385879	7.10245960284617	0.258191524658284	-0.014334628116764	0.718347571082494	0.786255440330987	-0.067907869248493	FALSE	TRUE	FALSE	Tier_C	CANDIDATE_NOT_CONFIRMED	REQUIRES_10X_DIAGNOSTICS	0.5	0.05	TRUE	Q20_LOSS_ONLY	long_lived
Tsc22d3	Region_4	Region_3	WITHIN_MOUSE_TECHNICAL_PAIR	64.2821230728186	53.637597103893	0.258964894661559	0.030815713150638	0.750060648330655	0.851656740523899	-0.101596092193244	FALSE	TRUE	FALSE	Tier_C	CANDIDATE_NOT_CONFIRMED	REQUIRES_10X_DIAGNOSTICS	0.5	0.05	TRUE	Q20_LOSS_ONLY	long_lived
Tsc22d3	Region_2	Region_3	CROSS_MOUSE_DIAGNOSTIC_REFERENCE	22.1017108607705	53.637597103893	-1.26019887186089	-0.310071917291074	0.829581367158751	0.851656740523899	-0.022075373365148	TRUE	FALSE	FALSE	Tier_C	CANDIDATE_NOT_CONFIRMED	REQUIRES_10X_DIAGNOSTICS	0.5	0.05	TRUE	DEPLETION_ONLY	long_lived
Tsc22d3	Region_1	Region_3	CROSS_MOUSE_DIAGNOSTIC_REFERENCE	34.6283490978613	53.637597103893	-0.623995078148346	-0.23646969161309	0.842539542944349	0.851656740523899	-0.00911719757954998	TRUE	FALSE	FALSE	Tier_C	CANDIDATE_NOT_CONFIRMED	REQUIRES_10X_DIAGNOSTICS	0.5	0.05	TRUE	DEPLETION_ONLY	long_lived
Vasp	Region_1	Region_3	CROSS_MOUSE_DIAGNOSTIC_REFERENCE	10.7714779836657	25.6993336555662	-1.2168534165183	-0.231793245136482	0.789889183093067	0.812044465000558	-0.0221552819074911	TRUE	FALSE	FALSE	Tier_C	CANDIDATE_NOT_CONFIRMED	REQUIRES_10X_DIAGNOSTICS	0.5	0.05	TRUE	DEPLETION_ONLY	short_lived
Vasp	Region_4	Region_3	WITHIN_MOUSE_TECHNICAL_PAIR	15.0401223836244	25.6993336555662	-0.753532253749395	-0.110895524795771	0.922040380681313	0.812044465000558	0.109995915680755	TRUE	FALSE	FALSE	Tier_C	CANDIDATE_NOT_CONFIRMED	REQUIRES_10X_DIAGNOSTICS	0.5	0.05	TRUE	DEPLETION_ONLY	short_lived
Ypel3	Region_1	Region_3	CROSS_MOUSE_DIAGNOSTIC_REFERENCE	14.1059514953047	22.8007996469616	-0.673823122096218	-0.193438093224363	0.859301683687552	0.800788150563935	0.058513533123617	TRUE	FALSE	FALSE	Tier_A	CANDIDATE_NOT_CONFIRMED	REQUIRES_10X_DIAGNOSTICS	0.5	0.05	TRUE	DEPLETION_ONLY	short_lived
Ypel3	Region_4	Region_3	WITHIN_MOUSE_TECHNICAL_PAIR	9.01493049863446	22.8007996469616	-1.29211444321225	-0.192687312671948	0.312846105018933	0.800788150563935	-0.487942045545002	TRUE	TRUE	FALSE	Tier_A	CANDIDATE_NOT_CONFIRMED	REQUIRES_10X_DIAGNOSTICS	0.5	0.05	TRUE	DEPLETION_AND_Q20_LOSS	short_lived
0610005C13Rik	Region_4	Region_3	WITHIN_MOUSE_TECHNICAL_PAIR	0.474518146936236	1.26394104748273	-0.856041389605615	-0.0170607416541564	0.497528830313015	0.547706647044395	-0.05017781673138	TRUE	TRUE	FALSE	Tier_A	CANDIDATE_NOT_CONFIRMED	REQUIRES_10X_DIAGNOSTICS	0.5	0.05	TRUE	DEPLETION_AND_Q20_LOSS	NA
1110017D15Rik	Region_1	Region_3	CROSS_MOUSE_DIAGNOSTIC_REFERENCE	0.802969150964452	1.38468826732305	-0.532522990326113	-0.0187726451806971	0.764061358655953	0.733072524826964	0.0309888338289891	TRUE	FALSE	FALSE	Tier_A	CANDIDATE_NOT_CONFIRMED	REQUIRES_10X_DIAGNOSTICS	0.5	0.05	TRUE	DEPLETION_ONLY	NA
1110017D15Rik	Region_2	Region_3	CROSS_MOUSE_DIAGNOSTIC_REFERENCE	0.922470988432002	1.38468826732305	-0.405926688666955	-0.015426606486305	0.652536929993577	0.733072524826964	-0.0805355948333869	FALSE	TRUE	FALSE	Tier_A	CANDIDATE_NOT_CONFIRMED	REQUIRES_10X_DIAGNOSTICS	0.5	0.05	TRUE	Q20_LOSS_ONLY	NA
1110017D15Rik	Region_4	Region_3	WITHIN_MOUSE_TECHNICAL_PAIR	0.528461443023399	1.38468826732305	-0.873838209157678	-0.0181201251722047	0.515611814345992	0.733072524826964	-0.217460710480972	TRUE	TRUE	FALSE	Tier_A	CANDIDATE_NOT_CONFIRMED	REQUIRES_10X_DIAGNOSTICS	0.5	0.05	TRUE	DEPLETION_AND_Q20_LOSS	NA
2610528A11Rik	Region_1	Region_3	CROSS_MOUSE_DIAGNOSTIC_REFERENCE	0.422999926847805	1.04106931334961	-0.739529313395716	-0.0144719391761803	0.716517857142857	0.6163215590743	0.100196298068557	TRUE	FALSE	FALSE	Tier_A	CANDIDATE_NOT_CONFIRMED	REQUIRES_10X_DIAGNOSTICS	0.5	0.05	TRUE	DEPLETION_ONLY	NA
2610528A11Rik	Region_4	Region_3	WITHIN_MOUSE_TECHNICAL_PAIR	0.283430877746114	1.04106931334961	-0.976053855868487	-0.0141105108459085	0.491308325709058	0.6163215590743	-0.125013233365242	TRUE	TRUE	FALSE	Tier_A	CANDIDATE_NOT_CONFIRMED	REQUIRES_10X_DIAGNOSTICS	0.5	0.05	TRUE	DEPLETION_AND_Q20_LOSS	NA
5330417C22Rik	Region_2	Region_3	CROSS_MOUSE_DIAGNOSTIC_REFERENCE	1.12489408934185	0.714871600049645	0.419541843041914	0.0013653253383021	0.532774390243902	0.640120967741935	-0.107346577498033	FALSE	TRUE	FALSE	Tier_A	CANDIDATE_NOT_CONFIRMED	REQUIRES_10X_DIAGNOSTICS	0.5	0.05	TRUE	Q20_LOSS_ONLY	NA
5330417C22Rik	Region_4	Region_3	WITHIN_MOUSE_TECHNICAL_PAIR	0.23040187481297	0.714871600049645	-0.734041469662759	-0.0103639470417738	0.311563169164882	0.640120967741935	-0.328557798577053	TRUE	TRUE	FALSE	Tier_A	CANDIDATE_NOT_CONFIRMED	REQUIRES_10X_DIAGNOSTICS	0.5	0.05	TRUE	DEPLETION_AND_Q20_LOSS	NA
6330403K07Rik	Region_1	Region_3	CROSS_MOUSE_DIAGNOSTIC_REFERENCE	0.982399062352869	1.0044246346916	-0.0212779616199571	-0.008651553985009	0.479536399855125	0.665178571428571	-0.185642171573446	FALSE	TRUE	FALSE	Tier_A	CANDIDATE_NOT_CONFIRMED	REQUIRES_10X_DIAGNOSTICS	0.5	0.05	TRUE	Q20_LOSS_ONLY	NA
6330403K07Rik	Region_4	Region_3	WITHIN_MOUSE_TECHNICAL_PAIR	0.169144233493649	1.0044246346916	-1.16882271432635	-0.0178036387361615	0.5	0.665178571428571	-0.165178571428571	TRUE	TRUE	FALSE	Tier_A	CANDIDATE_NOT_CONFIRMED	REQUIRES_10X_DIAGNOSTICS	0.5	0.05	TRUE	DEPLETION_AND_Q20_LOSS	NA
A330076H08Rik	Region_2	Region_3	CROSS_MOUSE_DIAGNOSTIC_REFERENCE	2.8541657228288	2.88231423280521	-0.0120567276589996	-0.0168692559088167	0.619723789146081	0.777640899291654	-0.157917110145573	FALSE	TRUE	FALSE	Tier_C	CANDIDATE_NOT_CONFIRMED	REQUIRES_10X_DIAGNOSTICS	0.5	0.05	TRUE	Q20_LOSS_ONLY	NA
A330076H08Rik	Region_4	Region_3	WITHIN_MOUSE_TECHNICAL_PAIR	1.99315907576299	2.88231423280521	-0.440035762311068	-0.0193519563801223	0.599211563731932	0.777640899291654	-0.178429335559722	FALSE	TRUE	FALSE	Tier_C	CANDIDATE_NOT_CONFIRMED	REQUIRES_10X_DIAGNOSTICS	0.5	0.05	TRUE	Q20_LOSS_ONLY	NA
Aadat	Region_2	Region_3	CROSS_MOUSE_DIAGNOSTIC_REFERENCE	0.41062971898854	1.22609490395069	-0.922575340267988	-0.019580912756767	0.952741020793951	0.94880694143167	0.00393407936228096	TRUE	FALSE	FALSE	Tier_C	CANDIDATE_NOT_CONFIRMED	REQUIRES_10X_DIAGNOSTICS	0.5	0.05	TRUE	DEPLETION_ONLY	NA
Aadat	Region_4	Region_3	WITHIN_MOUSE_TECHNICAL_PAIR	0.200230200730319	1.22609490395069	-1.30161059754013	-0.0216045558167811	0.905594405594406	0.94880694143167	-0.043212535837264	TRUE	FALSE	FALSE	Tier_C	CANDIDATE_NOT_CONFIRMED	REQUIRES_10X_DIAGNOSTICS	0.5	0.05	TRUE	DEPLETION_ONLY	NA
Abca13	Region_1	Region_3	CROSS_MOUSE_DIAGNOSTIC_REFERENCE	0.511497032464717	0.977391675025859	-0.546560266009015	-0.0144560749024868	0.703586497890295	0.710103092783505	-0.00651659489320999	TRUE	FALSE	FALSE	Tier_A	CANDIDATE_NOT_CONFIRMED	REQUIRES_10X_DIAGNOSTICS	0.5	0.05	TRUE	DEPLETION_ONLY	NA
Abca13	Region_4	Region_3	WITHIN_MOUSE_TECHNICAL_PAIR	0.219430356964733	0.977391675025859	-1.03812541173275	-0.0163357596933321	0.480733944954128	0.710103092783505	-0.229369147829377	TRUE	TRUE	FALSE	Tier_A	CANDIDATE_NOT_CONFIRMED	REQUIRES_10X_DIAGNOSTICS	0.5	0.05	TRUE	DEPLETION_AND_Q20_LOSS	NA
Abcb11	Region_1	Region_3	CROSS_MOUSE_DIAGNOSTIC_REFERENCE	1.37779438744861	1.49221937354901	-0.0853374176523023	-0.0135436421036281	0.517400761283306	0.689963215974777	-0.172562454691471	FALSE	TRUE	FALSE	Tier_A	CANDIDATE_NOT_CONFIRMED	REQUIRES_10X_DIAGNOSTICS	0.5	0.05	TRUE	Q20_LOSS_ONLY	NA
Abcb11	Region_2	Region_3	CROSS_MOUSE_DIAGNOSTIC_REFERENCE	0.507021671802751	1.49221937354901	-0.984281787270376	-0.0236946016426693	0.350649350649351	0.689963215974777	-0.339313865325426	TRUE	TRUE	FALSE	Tier_A	CANDIDATE_NOT_CONFIRMED	REQUIRES_10X_DIAGNOSTICS	0.5	0.05	TRUE	DEPLETION_AND_Q20_LOSS	NA
Abcb11	Region_4	Region_3	WITHIN_MOUSE_TECHNICAL_PAIR	0.480918199014374	1.49221937354901	-1.02217178177092	-0.0216628751758988	0.321914083741164	0.689963215974777	-0.368049132233613	TRUE	TRUE	FALSE	Tier_A	CANDIDATE_NOT_CONFIRMED	REQUIRES_10X_DIAGNOSTICS	0.5	0.05	TRUE	DEPLETION_AND_Q20_LOSS	NA
Acan	Region_2	Region_3	CROSS_MOUSE_DIAGNOSTIC_REFERENCE	2.04254548013314	1.90972841727548	0.0774030206251857	-0.0101670544900125	0.684695759065765	0.765043638033992	-0.080347878968227	FALSE	TRUE	FALSE	Tier_A	CANDIDATE_NOT_CONFIRMED	REQUIRES_10X_DIAGNOSTICS	0.5	0.05	TRUE	Q20_LOSS_ONLY	NA
Acan	Region_4	Region_3	WITHIN_MOUSE_TECHNICAL_PAIR	0.353831450605632	1.90972841727548	-1.49684735021237	-0.0329990892475343	0.440904419321686	0.765043638033992	-0.324139218712306	TRUE	TRUE	FALSE	Tier_A	CANDIDATE_NOT_CONFIRMED	REQUIRES_10X_DIAGNOSTICS	0.5	0.05	TRUE	DEPLETION_AND_Q20_LOSS	NA
Ace2	Region_1	Region_3	CROSS_MOUSE_DIAGNOSTIC_REFERENCE	0.807028651222109	1.38048314026394	-0.52481260512178	-0.0187151790958713	0.782060785767235	0.75735517136791	0.0247056143993251	TRUE	FALSE	FALSE	Tier_A	CANDIDATE_NOT_CONFIRMED	REQUIRES_10X_DIAGNOSTICS	0.5	0.05	TRUE	DEPLETION_ONLY	NA
Ace2	Region_4	Region_3	WITHIN_MOUSE_TECHNICAL_PAIR	0.331888414909159	1.38048314026394	-1.17664144073998	-0.0221341194013896	0.456449834619625	0.75735517136791	-0.300905336748285	TRUE	TRUE	FALSE	Tier_A	CANDIDATE_NOT_CONFIRMED	REQUIRES_10X_DIAGNOSTICS	0.5	0.05	TRUE	DEPLETION_AND_Q20_LOSS	NA
Ackr3	Region_2	Region_3	CROSS_MOUSE_DIAGNOSTIC_REFERENCE	19.0769313814606	14.6260326440409	0.372121007472627	-0.00423100373306501	0.722844794119931	0.800992401179375	-0.078147607059444	FALSE	TRUE	FALSE	Tier_A	CANDIDATE_NOT_CONFIRMED	REQUIRES_10X_DIAGNOSTICS	0.5	0.05	TRUE	Q20_LOSS_ONLY	NA
Ackr3	Region_4	Region_3	WITHIN_MOUSE_TECHNICAL_PAIR	7.67823390745762	14.6260326440409	-0.887172406162639	-0.042728547296991	0.669553190209874	0.800992401179375	-0.131439210969501	TRUE	TRUE	FALSE	Tier_A	CANDIDATE_NOT_CONFIRMED	REQUIRES_10X_DIAGNOSTICS	0.5	0.05	TRUE	DEPLETION_AND_Q20_LOSS	NA
Actl6b	Region_1	Region_3	CROSS_MOUSE_DIAGNOSTIC_REFERENCE	0.647084341070443	0.56949435029165	0.101042610191764	-0.00385594096433404	0.534942820838628	0.638407193320488	-0.10346437248186	FALSE	TRUE	FALSE	Tier_C	CANDIDATE_NOT_CONFIRMED	REQUIRES_10X_DIAGNOSTICS	0.5	0.05	TRUE	Q20_LOSS_ONLY	NA
Actl6b	Region_2	Region_3	CROSS_MOUSE_DIAGNOSTIC_REFERENCE	0.791377932604674	0.56949435029165	0.271982417922247	-0.000308591485809199	0.458355159769513	0.638407193320488	-0.180052033550975	FALSE	TRUE	FALSE	Tier_C	CANDIDATE_NOT_CONFIRMED	REQUIRES_10X_DIAGNOSTICS	0.5	0.05	TRUE	Q20_LOSS_ONLY	NA
Actl6b	Region_4	Region_3	WITHIN_MOUSE_TECHNICAL_PAIR	0.346517105373475	0.56949435029165	-0.337317735615746	-0.00507014225876974	0.235294117647059	0.638407193320488	-0.403113075673429	FALSE	TRUE	FALSE	Tier_C	CANDIDATE_NOT_CONFIRMED	REQUIRES_10X_DIAGNOSTICS	0.5	0.05	TRUE	Q20_LOSS_ONLY	NA
Cdx1	Region_4	Region_3	WITHIN_MOUSE_TECHNICAL_PAIR	0.304459620288567	1.5174501359037	-1.32644110367108	-0.0254946658111207	0.419387755102041	0.756464904802501	-0.33707714970046	TRUE	TRUE	FALSE	Tier_A	CANDIDATE_NOT_CONFIRMED	REQUIRES_10X_DIAGNOSTICS	0.5	0.05	TRUE	DEPLETION_AND_Q20_LOSS	NA
Lyve1	Region_2	Region_3	CROSS_MOUSE_DIAGNOSTIC_REFERENCE	24.7833349880619	18.5452110631366	0.408758497924352	0.016827301941155	0.762298405261735	0.815906379828061	-0.053607974566326	FALSE	TRUE	FALSE	Tier_A	CANDIDATE_NOT_CONFIRMED	REQUIRES_10X_DIAGNOSTICS	0.5	0.05	TRUE	Q20_LOSS_ONLY	NA
Fxyd1	Region_1	Region_3	CROSS_MOUSE_DIAGNOSTIC_REFERENCE	5.68735986097673	8.29010763082781	-0.506556886116878	-0.0782307636275875	0.956245589273112	0.697648804171912	0.2585967851012	TRUE	FALSE	FALSE	Tier_C	CANDIDATE_NOT_CONFIRMED	REQUIRES_10X_DIAGNOSTICS	0.5	0.05	TRUE	DEPLETION_ONLY	NA
Celf3	Region_2	Region_3	CROSS_MOUSE_DIAGNOSTIC_REFERENCE	1.0574197223719	1.14739895470153	-0.0810321773690687	-0.0085564600593412	0.64977728285078	0.765148663906662	-0.115371381055882	FALSE	TRUE	FALSE	Tier_A	CANDIDATE_NOT_CONFIRMED	REQUIRES_10X_DIAGNOSTICS	0.5	0.05	TRUE	Q20_LOSS_ONLY	NA
Ager	Region_1	Region_3	CROSS_MOUSE_DIAGNOSTIC_REFERENCE	1.34044698507817	1.47840252749763	-0.104279795122691	-0.0137393021404397	0.543810414717805	0.766083605099318	-0.222273190381513	FALSE	TRUE	FALSE	Tier_A	CANDIDATE_NOT_CONFIRMED	REQUIRES_10X_DIAGNOSTICS	0.5	0.05	TRUE	Q20_LOSS_ONLY	NA
Ager	Region_4	Region_3	WITHIN_MOUSE_TECHNICAL_PAIR	0.665605416126357	1.47840252749763	-0.763256501761639	-0.0169906137692318	0.596153846153846	0.766083605099318	-0.169929758945472	TRUE	TRUE	FALSE	Tier_A	CANDIDATE_NOT_CONFIRMED	REQUIRES_10X_DIAGNOSTICS	0.5	0.05	TRUE	DEPLETION_AND_Q20_LOSS	NA
Aif1l	Region_4	Region_3	WITHIN_MOUSE_TECHNICAL_PAIR	3.1479113292899	2.52007257328425	0.27248744359499	0.0062615124657951	0.710459183673469	0.778232602937635	-0.0677734192641659	FALSE	TRUE	FALSE	Tier_C	CANDIDATE_NOT_CONFIRMED	REQUIRES_10X_DIAGNOSTICS	0.5	0.05	TRUE	Q20_LOSS_ONLY	NA
Aldh1b1	Region_2	Region_3	CROSS_MOUSE_DIAGNOSTIC_REFERENCE	0.353758466828155	0.8187983116535	-0.62732405918986	-0.0120693414752944	0.754884547069272	0.65	0.104884547069272	TRUE	FALSE	FALSE	Tier_A	CANDIDATE_NOT_CONFIRMED	REQUIRES_10X_DIAGNOSTICS	0.5	0.05	TRUE	DEPLETION_ONLY	NA
Aldh1b1	Region_4	Region_3	WITHIN_MOUSE_TECHNICAL_PAIR	0.189258682882082	0.8187983116535	-0.936106503461103	-0.0133709627782779	0.392628205128205	0.65	-0.257371794871795	TRUE	TRUE	FALSE	Tier_A	CANDIDATE_NOT_CONFIRMED	REQUIRES_10X_DIAGNOSTICS	0.5	0.05	TRUE	DEPLETION_AND_Q20_LOSS	NA
Chodl	Region_1	Region_3	CROSS_MOUSE_DIAGNOSTIC_REFERENCE	1.61568110254728	1.73851967272577	-0.0814228112548225	-0.0159397128081031	0.709333333333333	0.763618437268918	-0.0542851039355849	FALSE	TRUE	FALSE	Tier_A	CANDIDATE_NOT_CONFIRMED	REQUIRES_10X_DIAGNOSTICS	0.5	0.05	TRUE	Q20_LOSS_ONLY	NA
Chodl	Region_4	Region_3	WITHIN_MOUSE_TECHNICAL_PAIR	0.497375475786729	1.73851967272577	-1.16633636260909	-0.0262529877685169	0.45933014354067	0.763618437268918	-0.304288293728248	TRUE	TRUE	FALSE	Tier_A	CANDIDATE_NOT_CONFIRMED	REQUIRES_10X_DIAGNOSTICS	0.5	0.05	TRUE	DEPLETION_AND_Q20_LOSS	NA
Alox5ap	Region_1	Region_3	CROSS_MOUSE_DIAGNOSTIC_REFERENCE	25.7794504362217	14.3917469936045	0.819422095356282	0.018083047203343	0.568926506326992	0.733953967065868	-0.165027460738876	FALSE	TRUE	FALSE	Tier_C	CANDIDATE_NOT_CONFIRMED	REQUIRES_10X_DIAGNOSTICS	0.5	0.05	TRUE	Q20_LOSS_ONLY	NA
Ambp	Region_4	Region_3	WITHIN_MOUSE_TECHNICAL_PAIR	0.312688258674745	0.946754320738017	-0.832045996562542	-0.0142928920529903	0.760611205432937	0.752167959835692	0.00844324559724507	TRUE	FALSE	FALSE	Tier_C	CANDIDATE_NOT_CONFIRMED	REQUIRES_10X_DIAGNOSTICS	0.5	0.05	TRUE	DEPLETION_ONLY	NA
Angpt2	Region_1	Region_3	CROSS_MOUSE_DIAGNOSTIC_REFERENCE	2.57697076356033	5.83251123099328	-1.04126699493713	-0.0645050543348844	0.903904606032266	0.828679568663858	0.075225037368408	TRUE	FALSE	FALSE	Tier_C	CANDIDATE_NOT_CONFIRMED	REQUIRES_10X_DIAGNOSTICS	0.5	0.05	TRUE	DEPLETION_ONLY	NA
Angpt2	Region_4	Region_3	WITHIN_MOUSE_TECHNICAL_PAIR	3.76963067402331	5.83251123099328	-0.56866644949054	-0.0337566384963105	0.858983286908078	0.828679568663858	0.0303037182442201	TRUE	FALSE	FALSE	Tier_C	CANDIDATE_NOT_CONFIRMED	REQUIRES_10X_DIAGNOSTICS	0.5	0.05	TRUE	DEPLETION_ONLY	NA
Anxa8	Region_1	Region_3	CROSS_MOUSE_DIAGNOSTIC_REFERENCE	8.35526343030857	6.75223259206555	0.288110029914825	-0.0302750539818013	0.524831347782403	0.641840702288852	-0.117009354506449	FALSE	TRUE	FALSE	Tier_C	CANDIDATE_NOT_CONFIRMED	REQUIRES_10X_DIAGNOSTICS	0.5	0.05	TRUE	Q20_LOSS_ONLY	NA
Aplp1	Region_1	Region_3	CROSS_MOUSE_DIAGNOSTIC_REFERENCE	0.773740749109325	1.32341355874737	-0.517570140029204	-0.0179190145412335	0.74277660324172	0.73599269183922	0.00678391140250001	TRUE	FALSE	FALSE	Tier_A	CANDIDATE_NOT_CONFIRMED	REQUIRES_10X_DIAGNOSTICS	0.5	0.05	TRUE	DEPLETION_ONLY	NA
Aplp1	Region_4	Region_3	WITHIN_MOUSE_TECHNICAL_PAIR	0.686634158668811	1.32341355874737	-0.619766590298214	-0.0140212245479714	0.657230298393267	0.73599269183922	-0.078762393445953	TRUE	TRUE	FALSE	Tier_A	CANDIDATE_NOT_CONFIRMED	REQUIRES_10X_DIAGNOSTICS	0.5	0.05	TRUE	DEPLETION_AND_Q20_LOSS	NA
Apoc2	Region_2	Region_3	CROSS_MOUSE_DIAGNOSTIC_REFERENCE	0.840537828539922	1.38709119707112	-0.493352214250087	-0.0161576274200149	0.544776119402985	0.76860101131712	-0.223824891914135	FALSE	TRUE	FALSE	Tier_C	CANDIDATE_NOT_CONFIRMED	REQUIRES_10X_DIAGNOSTICS	0.5	0.05	TRUE	Q20_LOSS_ONLY	NA
Apoc2	Region_4	Region_3	WITHIN_MOUSE_TECHNICAL_PAIR	0.992922365265418	1.38709119707112	-0.338025000849306	-0.0086460601391062	0.607368421052632	0.76860101131712	-0.161232590264488	FALSE	TRUE	FALSE	Tier_C	CANDIDATE_NOT_CONFIRMED	REQUIRES_10X_DIAGNOSTICS	0.5	0.05	TRUE	Q20_LOSS_ONLY	NA
Apoc4	Region_1	Region_3	CROSS_MOUSE_DIAGNOSTIC_REFERENCE	0.744512347254199	0.248703228924834	0.733114662415398	0.00430331268897762	0.317058285016784	0.388695652173913	-0.071637367157129	FALSE	TRUE	FALSE	Tier_C	CANDIDATE_NOT_CONFIRMED	REQUIRES_10X_DIAGNOSTICS	0.5	0.05	TRUE	Q20_LOSS_ONLY	NA
Aqp1	Region_1	Region_3	CROSS_MOUSE_DIAGNOSTIC_REFERENCE	27.4511526423247	48.1162652752742	-0.798531291324973	-0.104467896742218	0.989265960438736	0.962712254427261	0.026553706011475	TRUE	FALSE	FALSE	Tier_C	CANDIDATE_NOT_CONFIRMED	REQUIRES_10X_DIAGNOSTICS	0.5	0.05	TRUE	DEPLETION_ONLY	NA
Aqp3	Region_1	Region_3	CROSS_MOUSE_DIAGNOSTIC_REFERENCE	0.924754158694146	1.62438050969264	-0.576329194730129	-0.0217528066227631	0.632368148914167	0.73054979253112	-0.0981816436169529	TRUE	TRUE	FALSE	Tier_A	CANDIDATE_NOT_CONFIRMED	REQUIRES_10X_DIAGNOSTICS	0.5	0.05	TRUE	DEPLETION_AND_Q20_LOSS	NA
Aqp3	Region_2	Region_3	CROSS_MOUSE_DIAGNOSTIC_REFERENCE	1.53455988880224	1.62438050969264	-0.062325450625848	-0.0108852060940185	0.668186601192564	0.73054979253112	-0.0623631913385559	FALSE	TRUE	FALSE	Tier_A	CANDIDATE_NOT_CONFIRMED	REQUIRES_10X_DIAGNOSTICS	0.5	0.05	TRUE	Q20_LOSS_ONLY	NA
Aqp3	Region_4	Region_3	WITHIN_MOUSE_TECHNICAL_PAIR	0.19657302811424	1.62438050969264	-1.60869568170787	-0.029490838303342	0.2398753894081	0.73054979253112	-0.49067440312302	TRUE	TRUE	FALSE	Tier_A	CANDIDATE_NOT_CONFIRMED	REQUIRES_10X_DIAGNOSTICS	0.5	0.05	TRUE	DEPLETION_AND_Q20_LOSS	NA
Aqp4	Region_4	Region_3	WITHIN_MOUSE_TECHNICAL_PAIR	0.45988945647192	0.717875262234727	-0.343426200697341	-0.00570074207310366	0.384510869565217	0.482108503270489	-0.097597633705272	FALSE	TRUE	FALSE	Tier_C	CANDIDATE_NOT_CONFIRMED	REQUIRES_10X_DIAGNOSTICS	0.5	0.05	TRUE	Q20_LOSS_ONLY	NA
Aqp5	Region_2	Region_3	CROSS_MOUSE_DIAGNOSTIC_REFERENCE	0.56582076301942	0.51602916339718	0.0690230304852018	-0.00354823364587482	0.525	0.592734225621415	-0.067734225621415	FALSE	TRUE	FALSE	Tier_A	CANDIDATE_NOT_CONFIRMED	REQUIRES_10X_DIAGNOSTICS	0.5	0.05	TRUE	Q20_LOSS_ONLY	NA
Aqp5	Region_4	Region_3	WITHIN_MOUSE_TECHNICAL_PAIR	0.0941721948640313	0.51602916339718	-0.773988813931433	-0.00915075239389067	0.18364418938307	0.592734225621415	-0.409090036238345	TRUE	TRUE	FALSE	Tier_A	CANDIDATE_NOT_CONFIRMED	REQUIRES_10X_DIAGNOSTICS	0.5	0.05	TRUE	DEPLETION_AND_Q20_LOSS	NA
Aqp7	Region_1	Region_3	CROSS_MOUSE_DIAGNOSTIC_REFERENCE	11.4615930274673	47.8435327488687	-2.01491336489797	-0.2642646688299	0.923500543213577	0.841507051147127	0.08199349206645	TRUE	FALSE	FALSE	Tier_C	CANDIDATE_NOT_CONFIRMED	REQUIRES_10X_DIAGNOSTICS	0.5	0.05	TRUE	DEPLETION_ONLY	NA
Aqp7	Region_2	Region_3	CROSS_MOUSE_DIAGNOSTIC_REFERENCE	20.307856618898	47.8435327488687	-1.2161945400241	-0.177531190316528	0.90635592281619	0.841507051147127	0.0648488716690631	TRUE	FALSE	FALSE	Tier_C	CANDIDATE_NOT_CONFIRMED	REQUIRES_10X_DIAGNOSTICS	0.5	0.05	TRUE	DEPLETION_ONLY	NA
Aqp7	Region_4	Region_3	WITHIN_MOUSE_TECHNICAL_PAIR	36.0834936165423	47.8435327488687	-0.402130048426699	-0.026168645340898	0.43615744250695	0.841507051147127	-0.405349608640177	FALSE	TRUE	FALSE	Tier_C	CANDIDATE_NOT_CONFIRMED	REQUIRES_10X_DIAGNOSTICS	0.5	0.05	TRUE	Q20_LOSS_ONLY	NA
Areg	Region_2	Region_3	CROSS_MOUSE_DIAGNOSTIC_REFERENCE	1.43142049929104	1.18764802798164	0.194648244659765	-0.003807550423197	0.51104	0.612989323843416	-0.101949323843416	FALSE	TRUE	FALSE	Tier_C	CANDIDATE_NOT_CONFIRMED	REQUIRES_10X_DIAGNOSTICS	0.5	0.05	TRUE	Q20_LOSS_ONLY	NA
Areg	Region_4	Region_3	WITHIN_MOUSE_TECHNICAL_PAIR	0.397717521998579	1.18764802798164	-0.910680590714095	-0.0167676067655803	0.68232044198895	0.612989323843416	0.0693311181455341	TRUE	FALSE	FALSE	Tier_C	CANDIDATE_NOT_CONFIRMED	REQUIRES_10X_DIAGNOSTICS	0.5	0.05	TRUE	DEPLETION_ONLY	NA
Col8a1	Region_2	Region_3	CROSS_MOUSE_DIAGNOSTIC_REFERENCE	0.0867527575327901	0.27873985077566	-0.408388738858784	-0.00444906647984694	0.362857142857143	0.460446247464503	-0.09758910460736	FALSE	TRUE	FALSE	Tier_A	CANDIDATE_NOT_CONFIRMED	REQUIRES_10X_DIAGNOSTICS	0.5	0.05	TRUE	Q20_LOSS_ONLY	NA
Col8a1	Region_4	Region_3	WITHIN_MOUSE_TECHNICAL_PAIR	0.0384003124688283	0.27873985077566	-0.532462208546854	-0.00497812767684256	0.096969696969697	0.460446247464503	-0.363476550494806	TRUE	TRUE	FALSE	Tier_A	CANDIDATE_NOT_CONFIRMED	REQUIRES_10X_DIAGNOSTICS	0.5	0.05	TRUE	DEPLETION_AND_Q20_LOSS	NA
Colec11	Region_4	Region_3	WITHIN_MOUSE_TECHNICAL_PAIR	1.26355313885526	2.23051953864229	-0.630690432995758	-0.019287944245887	0.741715399610136	0.701467645096731	0.040247754513405	TRUE	FALSE	FALSE	Tier_C	CANDIDATE_NOT_CONFIRMED	REQUIRES_10X_DIAGNOSTICS	0.5	0.05	TRUE	DEPLETION_ONLY	NA
Arpp21	Region_1	Region_3	CROSS_MOUSE_DIAGNOSTIC_REFERENCE	0.772928849057794	2.04068808854508	-0.997067490209887	-0.0325804025449052	0.476686283386148	0.753971571906355	-0.277285288520207	TRUE	TRUE	FALSE	Tier_C	CANDIDATE_NOT_CONFIRMED	REQUIRES_10X_DIAGNOSTICS	0.5	0.05	TRUE	DEPLETION_AND_Q20_LOSS	NA
Arpp21	Region_2	Region_3	CROSS_MOUSE_DIAGNOSTIC_REFERENCE	1.45166280938202	2.04068808854508	-0.380515452949204	-0.0208958931373191	0.512179689971528	0.753971571906355	-0.241791881934827	FALSE	TRUE	FALSE	Tier_C	CANDIDATE_NOT_CONFIRMED	REQUIRES_10X_DIAGNOSTICS	0.5	0.05	TRUE	Q20_LOSS_ONLY	NA
Arpp21	Region_4	Region_3	WITHIN_MOUSE_TECHNICAL_PAIR	0.522061390945261	2.04068808854508	-1.31373741607705	-0.0316612852638259	0.752075919335706	0.753971571906355	-0.00189565257064905	TRUE	FALSE	FALSE	Tier_C	CANDIDATE_NOT_CONFIRMED	REQUIRES_10X_DIAGNOSTICS	0.5	0.05	TRUE	DEPLETION_ONLY	NA
Asb9	Region_1	Region_3	CROSS_MOUSE_DIAGNOSTIC_REFERENCE	0.301214919118111	0.415106113978407	-0.191749760015739	-0.00508861605836198	0.55076495132128	0.6498696785404	-0.09910472721912	FALSE	TRUE	FALSE	Tier_C	CANDIDATE_NOT_CONFIRMED	REQUIRES_10X_DIAGNOSTICS	0.5	0.05	TRUE	Q20_LOSS_ONLY	NA
Asb9	Region_2	Region_3	CROSS_MOUSE_DIAGNOSTIC_REFERENCE	0.59763010744811	0.415106113978407	0.26238100916931	0.000125853451061302	0.585808580858086	0.6498696785404	-0.064061097682314	FALSE	TRUE	FALSE	Tier_C	CANDIDATE_NOT_CONFIRMED	REQUIRES_10X_DIAGNOSTICS	0.5	0.05	TRUE	Q20_LOSS_ONLY	NA
Asb9	Region_4	Region_3	WITHIN_MOUSE_TECHNICAL_PAIR	0.200230200730319	0.415106113978407	-0.386109759154854	-0.00481898449131685	0.31331592689295	0.6498696785404	-0.33655375164745	FALSE	TRUE	FALSE	Tier_C	CANDIDATE_NOT_CONFIRMED	REQUIRES_10X_DIAGNOSTICS	0.5	0.05	TRUE	Q20_LOSS_ONLY	NA
Ascl1	Region_1	Region_3	CROSS_MOUSE_DIAGNOSTIC_REFERENCE	1.72447570945247	2.13860747577877	-0.246311403751172	-0.0220611105411551	0.635013391770148	0.768893756845564	-0.133880365075416	FALSE	TRUE	FALSE	Tier_C	CANDIDATE_NOT_CONFIRMED	REQUIRES_10X_DIAGNOSTICS	0.5	0.05	TRUE	Q20_LOSS_ONLY	NA
Asprv1	Region_4	Region_3	WITHIN_MOUSE_TECHNICAL_PAIR	0.616233585809292	1.57692264716833	-0.895808524798257	-0.0203696429296987	0.721456692913386	0.692556634304207	0.028900058609179	TRUE	FALSE	FALSE	Tier_C	CANDIDATE_NOT_CONFIRMED	REQUIRES_10X_DIAGNOSTICS	0.5	0.05	TRUE	DEPLETION_ONLY	NA
Asz1	Region_4	Region_3	WITHIN_MOUSE_TECHNICAL_PAIR	0.384003124688283	1.01583855099492	-0.777992728822269	-0.0133791018536712	0.739268680445151	0.608247422680412	0.131021257764739	TRUE	FALSE	FALSE	Tier_C	CANDIDATE_NOT_CONFIRMED	REQUIRES_10X_DIAGNOSTICS	0.5	0.05	TRUE	DEPLETION_ONLY	NA
Cp	Region_2	Region_3	CROSS_MOUSE_DIAGNOSTIC_REFERENCE	52.0718968297651	36.7654258778473	0.496454042062484	-0.021122849665304	0.758987195683027	0.819173424195568	-0.0601862285125411	FALSE	TRUE	FALSE	Tier_C	CANDIDATE_NOT_CONFIRMED	REQUIRES_10X_DIAGNOSTICS	0.5	0.05	TRUE	Q20_LOSS_ONLY	NA
Cpa3	Region_1	Region_3	CROSS_MOUSE_DIAGNOSTIC_REFERENCE	1.90309372078936	3.64043856832004	-0.784890675878072	-0.0259365698984953	0.601910254099838	0.791391353596375	-0.189481099496537	TRUE	TRUE	FALSE	Tier_A	CANDIDATE_NOT_CONFIRMED	REQUIRES_10X_DIAGNOSTICS	0.5	0.05	TRUE	DEPLETION_AND_Q20_LOSS	NA
Cpa3	Region_2	Region_3	CROSS_MOUSE_DIAGNOSTIC_REFERENCE	2.29027279886566	3.64043856832004	-0.569377412543165	-0.0175301699139523	0.587765033020507	0.791391353596375	-0.203626320575868	TRUE	TRUE	FALSE	Tier_A	CANDIDATE_NOT_CONFIRMED	REQUIRES_10X_DIAGNOSTICS	0.5	0.05	TRUE	DEPLETION_AND_Q20_LOSS	NA
Atp6v0d2	Region_4	Region_3	WITHIN_MOUSE_TECHNICAL_PAIR	0.818292372847651	1.34804358866504	-0.487328416224993	-0.0102478960947874	0.659322033898305	0.75992732935375	-0.100605295455445	FALSE	TRUE	FALSE	Tier_C	CANDIDATE_NOT_CONFIRMED	REQUIRES_10X_DIAGNOSTICS	0.5	0.05	TRUE	Q20_LOSS_ONLY	NA
Atp6v1b1	Region_2	Region_3	CROSS_MOUSE_DIAGNOSTIC_REFERENCE	1.42081738448147	2.24133272250859	-0.513157076404387	-0.0274234674186818	0.861878453038674	0.706244343891403	0.155634109147271	TRUE	FALSE	FALSE	Tier_C	CANDIDATE_NOT_CONFIRMED	REQUIRES_10X_DIAGNOSTICS	0.5	0.05	TRUE	DEPLETION_ONLY	NA
Atp6v1b1	Region_4	Region_3	WITHIN_MOUSE_TECHNICAL_PAIR	0.813720907077553	2.24133272250859	-1.06121862691852	-0.0301287092691691	0.659058487874465	0.706244343891403	-0.047185856016938	TRUE	FALSE	FALSE	Tier_C	CANDIDATE_NOT_CONFIRMED	REQUIRES_10X_DIAGNOSTICS	0.5	0.05	TRUE	DEPLETION_ONLY	NA
AU021092	Region_1	Region_3	CROSS_MOUSE_DIAGNOSTIC_REFERENCE	0.866297354983893	1.38468826732305	-0.464054417815366	-0.0165357855655902	0.692844677137871	0.791653690439115	-0.098809013301244	FALSE	TRUE	FALSE	Tier_C	CANDIDATE_NOT_CONFIRMED	REQUIRES_10X_DIAGNOSTICS	0.5	0.05	TRUE	Q20_LOSS_ONLY	NA
AU021092	Region_2	Region_3	CROSS_MOUSE_DIAGNOSTIC_REFERENCE	1.10850745736343	1.38468826732305	-0.228603292827503	-0.0106416045856248	0.608611514271892	0.791653690439115	-0.183042176167223	FALSE	TRUE	FALSE	Tier_C	CANDIDATE_NOT_CONFIRMED	REQUIRES_10X_DIAGNOSTICS	0.5	0.05	TRUE	Q20_LOSS_ONLY	NA
AU021092	Region_4	Region_3	WITHIN_MOUSE_TECHNICAL_PAIR	0.236801926891108	1.38468826732305	-1.35497717796142	-0.0224052247700428	0.767857142857143	0.791653690439115	-0.023796547581972	TRUE	FALSE	FALSE	Tier_C	CANDIDATE_NOT_CONFIRMED	REQUIRES_10X_DIAGNOSTICS	0.5	0.05	TRUE	DEPLETION_ONLY	NA
B4galnt2	Region_1	Region_3	CROSS_MOUSE_DIAGNOSTIC_REFERENCE	0.458723529115182	0.980395337210941	-0.626795752039957	-0.0150001825918984	0.613152804642166	0.594139440889188	0.019013363752978	TRUE	FALSE	FALSE	Tier_A	CANDIDATE_NOT_CONFIRMED	REQUIRES_10X_DIAGNOSTICS	0.5	0.05	TRUE	DEPLETION_ONLY	NA
B4galnt2	Region_2	Region_3	CROSS_MOUSE_DIAGNOSTIC_REFERENCE	1.06513107859703	0.980395337210941	0.0803009901718144	-0.0055559854897865	0.536830758174632	0.594139440889188	-0.057308682714556	FALSE	TRUE	FALSE	Tier_A	CANDIDATE_NOT_CONFIRMED	REQUIRES_10X_DIAGNOSTICS	0.5	0.05	TRUE	Q20_LOSS_ONLY	NA
B4galnt2	Region_4	Region_3	WITHIN_MOUSE_TECHNICAL_PAIR	0.159087008799432	0.980395337210941	-1.16744165766098	-0.0178790693797675	0.360119047619048	0.594139440889188	-0.23402039327014	TRUE	TRUE	FALSE	Tier_A	CANDIDATE_NOT_CONFIRMED	REQUIRES_10X_DIAGNOSTICS	0.5	0.05	TRUE	DEPLETION_AND_Q20_LOSS	NA
Cstdc4	Region_2	Region_3	CROSS_MOUSE_DIAGNOSTIC_REFERENCE	1.70035404764269	2.88531789499029	-0.621555635978532	-0.0345171229720098	0.757684630738523	0.755092802172929	0.00259182856559403	TRUE	FALSE	FALSE	Tier_A	CANDIDATE_NOT_CONFIRMED	REQUIRES_10X_DIAGNOSTICS	0.5	0.05	TRUE	DEPLETION_ONLY	NA
Cstdc4	Region_4	Region_3	WITHIN_MOUSE_TECHNICAL_PAIR	0.978293674801102	2.88531789499029	-1.19535841423364	-0.0394629872845669	0.437154920428711	0.755092802172929	-0.317937881744218	TRUE	TRUE	FALSE	Tier_A	CANDIDATE_NOT_CONFIRMED	REQUIRES_10X_DIAGNOSTICS	0.5	0.05	TRUE	DEPLETION_AND_Q20_LOSS	NA
Bgn	Region_1	Region_3	CROSS_MOUSE_DIAGNOSTIC_REFERENCE	62.4789565655394	45.7145369920822	0.446523125826358	-0.037852248286326	0.739429891148248	0.803192471523078	-0.0637625803748301	FALSE	TRUE	FALSE	Tier_C	CANDIDATE_NOT_CONFIRMED	REQUIRES_10X_DIAGNOSTICS	0.5	0.05	TRUE	Q20_LOSS_ONLY	NA
Ctla2a	Region_2	Region_3	CROSS_MOUSE_DIAGNOSTIC_REFERENCE	7.44435051584153	9.43990951527741	-0.323303440752874	-0.0425955322673513	0.667194026072649	0.789093220002383	-0.121899193929734	FALSE	TRUE	FALSE	Tier_C	CANDIDATE_NOT_CONFIRMED	REQUIRES_10X_DIAGNOSTICS	0.5	0.05	TRUE	Q20_LOSS_ONLY	NA
Ctla4	Region_2	Region_3	CROSS_MOUSE_DIAGNOSTIC_REFERENCE	2.63728382899682	4.21654097541887	-0.588213146096735	-0.0280318678599854	0.715411127523388	0.775699935883736	-0.060288808360348	TRUE	TRUE	FALSE	Tier_A	CANDIDATE_NOT_CONFIRMED	REQUIRES_10X_DIAGNOSTICS	0.5	0.05	TRUE	DEPLETION_AND_Q20_LOSS	NA
Ctla4	Region_4	Region_3	WITHIN_MOUSE_TECHNICAL_PAIR	0.917036033481781	4.21654097541887	-1.73485275662929	-0.0449998107596307	0.519136408243376	0.775699935883736	-0.25656352764036	TRUE	TRUE	FALSE	Tier_A	CANDIDATE_NOT_CONFIRMED	REQUIRES_10X_DIAGNOSTICS	0.5	0.05	TRUE	DEPLETION_AND_Q20_LOSS	NA
Bst1	Region_1	Region_3	CROSS_MOUSE_DIAGNOSTIC_REFERENCE	7.2689411613597	8.35738966377366	-0.189163603516475	-0.0500438989766105	0.695217701641685	0.791091091091091	-0.095873389449406	FALSE	TRUE	FALSE	Tier_A	CANDIDATE_NOT_CONFIRMED	REQUIRES_10X_DIAGNOSTICS	0.5	0.05	TRUE	Q20_LOSS_ONLY	NA
Bst1	Region_4	Region_3	WITHIN_MOUSE_TECHNICAL_PAIR	3.92780338966872	8.35738966377366	-1.00029042613446	-0.0676864021758301	0.712568924077478	0.791091091091091	-0.078522167013613	TRUE	TRUE	FALSE	Tier_A	CANDIDATE_NOT_CONFIRMED	REQUIRES_10X_DIAGNOSTICS	0.5	0.05	TRUE	DEPLETION_AND_Q20_LOSS	NA
C3	Region_1	Region_3	CROSS_MOUSE_DIAGNOSTIC_REFERENCE	72.7332542163796	130.937444169429	-0.843805521707884	-0.239292730884158	0.846964154326041	0.842056234672345	0.00490791965369597	TRUE	FALSE	FALSE	Tier_C	CANDIDATE_NOT_CONFIRMED	REQUIRES_10X_DIAGNOSTICS	0.5	0.05	TRUE	DEPLETION_ONLY	NA
C3	Region_2	Region_3	CROSS_MOUSE_DIAGNOSTIC_REFERENCE	85.9999363813111	130.937444169429	-0.60360535535106	-0.205272127670827	0.925759138594682	0.842056234672345	0.0837029039223369	TRUE	FALSE	FALSE	Tier_C	CANDIDATE_NOT_CONFIRMED	REQUIRES_10X_DIAGNOSTICS	0.5	0.05	TRUE	DEPLETION_ONLY	NA
C5ar1	Region_1	Region_3	CROSS_MOUSE_DIAGNOSTIC_REFERENCE	14.9860511511647	10.0622683200265	0.552049615875879	0.004807384760089	0.627525057825752	0.821105919003115	-0.193580861177363	FALSE	TRUE	FALSE	Tier_C	CANDIDATE_NOT_CONFIRMED	REQUIRES_10X_DIAGNOSTICS	0.5	0.05	TRUE	Q20_LOSS_ONLY	NA
Calb1	Region_2	Region_3	CROSS_MOUSE_DIAGNOSTIC_REFERENCE	1.45744632655087	1.6448054125512	-0.131874016008263	-0.0130184015690259	0.523550144184556	0.586553945249597	-0.063003801065041	FALSE	TRUE	FALSE	Tier_A	CANDIDATE_NOT_CONFIRMED	REQUIRES_10X_DIAGNOSTICS	0.5	0.05	TRUE	Q20_LOSS_ONLY	NA
Calb1	Region_4	Region_3	WITHIN_MOUSE_TECHNICAL_PAIR	0.234059047429049	1.6448054125512	-1.54687874248304	-0.0301176990868653	0.346835443037975	0.586553945249597	-0.239718502211622	TRUE	TRUE	FALSE	Tier_A	CANDIDATE_NOT_CONFIRMED	REQUIRES_10X_DIAGNOSTICS	0.5	0.05	TRUE	DEPLETION_AND_Q20_LOSS	NA
Calcrl	Region_1	Region_3	CROSS_MOUSE_DIAGNOSTIC_REFERENCE	13.2761896426398	20.3504120363712	-0.597898985752169	-0.145370202909189	0.884760522496372	0.807407831026726	0.0773526914696461	TRUE	FALSE	FALSE	Tier_C	CANDIDATE_NOT_CONFIRMED	REQUIRES_10X_DIAGNOSTICS	0.5	0.05	TRUE	DEPLETION_ONLY	NA
Calcrl	Region_2	Region_3	CROSS_MOUSE_DIAGNOSTIC_REFERENCE	4.69525202158023	20.3504120363712	-2.00481025278606	-0.212731898887976	0.888993795521985	0.807407831026726	0.081585964495259	TRUE	FALSE	FALSE	Tier_C	CANDIDATE_NOT_CONFIRMED	REQUIRES_10X_DIAGNOSTICS	0.5	0.05	TRUE	DEPLETION_ONLY	NA
Calcrl	Region_4	Region_3	WITHIN_MOUSE_TECHNICAL_PAIR	20.4563950280373	20.3504120363712	0.00731466834114206	-0.005151333426827	0.710469258169429	0.807407831026726	-0.096938572857297	FALSE	TRUE	FALSE	Tier_C	CANDIDATE_NOT_CONFIRMED	REQUIRES_10X_DIAGNOSTICS	0.5	0.05	TRUE	Q20_LOSS_ONLY	NA
Cyp11a1	Region_1	Region_3	CROSS_MOUSE_DIAGNOSTIC_REFERENCE	1.9664219248088	1.37027068883465	0.399172529195814	-0.0020356489670918	0.587624405019472	0.659724030200469	-0.072099625180997	FALSE	TRUE	FALSE	Tier_A	CANDIDATE_NOT_CONFIRMED	REQUIRES_10X_DIAGNOSTICS	0.5	0.05	TRUE	Q20_LOSS_ONLY	NA
Calm4	Region_4	Region_3	WITHIN_MOUSE_TECHNICAL_PAIR	0.565947462338208	1.87668813323957	-1.15681627330579	-0.0275155881604413	0.971428571428571	0.964328180737218	0.00710039069135293	TRUE	FALSE	FALSE	Tier_C	CANDIDATE_NOT_CONFIRMED	REQUIRES_10X_DIAGNOSTICS	0.5	0.05	TRUE	DEPLETION_ONLY	NA
Calm5	Region_1	Region_3	CROSS_MOUSE_DIAGNOSTIC_REFERENCE	0.630846340039817	1.35104725085013	-0.710938814176381	-0.0199401491956482	0.686746987951807	0.736212430697403	-0.0494654427455961	TRUE	FALSE	FALSE	Tier_A	CANDIDATE_NOT_CONFIRMED	REQUIRES_10X_DIAGNOSTICS	0.5	0.05	TRUE	DEPLETION_ONLY	NA
Calm5	Region_4	Region_3	WITHIN_MOUSE_TECHNICAL_PAIR	0.464460922242019	1.35104725085013	-0.940547032848643	-0.0182394024523391	0.331494483450351	0.736212430697403	-0.404717947247052	TRUE	TRUE	FALSE	Tier_A	CANDIDATE_NOT_CONFIRMED	REQUIRES_10X_DIAGNOSTICS	0.5	0.05	TRUE	DEPLETION_AND_Q20_LOSS	NA
Cyp4b1	Region_4	Region_3	WITHIN_MOUSE_TECHNICAL_PAIR	7.30337371430954	15.646677054532	-1.04906739303957	-0.0716200987957411	0.906093702153721	0.829734580659197	0.076359121494524	TRUE	FALSE	FALSE	Tier_C	CANDIDATE_NOT_CONFIRMED	REQUIRES_10X_DIAGNOSTICS	0.5	0.05	TRUE	DEPLETION_ONLY	NA
Car2	Region_4	Region_3	WITHIN_MOUSE_TECHNICAL_PAIR	0.479089612706334	0.802578535854055	-0.411857543067198	-0.00707138800422603	0.767666989351404	0.824619771863118	-0.056952782511714	FALSE	TRUE	FALSE	Tier_C	CANDIDATE_NOT_CONFIRMED	REQUIRES_10X_DIAGNOSTICS	0.5	0.05	TRUE	Q20_LOSS_ONLY	NA
Car3	Region_1	Region_3	CROSS_MOUSE_DIAGNOSTIC_REFERENCE	461.891563116257	695.893260899419	-0.590787167490584	-0.108209025555477	0.700622441413296	0.858125397151253	-0.157502955737957	TRUE	TRUE	FALSE	Tier_C	CANDIDATE_NOT_CONFIRMED	REQUIRES_10X_DIAGNOSTICS	0.5	0.05	TRUE	DEPLETION_AND_Q20_LOSS	NA
Car3	Region_4	Region_3	WITHIN_MOUSE_TECHNICAL_PAIR	1252.34116190751	695.893260899419	0.847229371052423	0.204371207170267	0.757887200415257	0.858125397151253	-0.100238196735996	FALSE	TRUE	FALSE	Tier_C	CANDIDATE_NOT_CONFIRMED	REQUIRES_10X_DIAGNOSTICS	0.5	0.05	TRUE	Q20_LOSS_ONLY	NA
Cavin2	Region_1	Region_3	CROSS_MOUSE_DIAGNOSTIC_REFERENCE	38.6634923539719	67.1366556960909	-0.788295906103597	-0.197645717383423	0.897603739455916	0.814439444335746	0.08316429512017	TRUE	FALSE	FALSE	Tier_C	CANDIDATE_NOT_CONFIRMED	REQUIRES_10X_DIAGNOSTICS	0.5	0.05	TRUE	DEPLETION_ONLY	NA
Cavin2	Region_2	Region_3	CROSS_MOUSE_DIAGNOSTIC_REFERENCE	40.9983892904685	67.1366556960909	-0.704749986161053	-0.141374944137214	0.896104622440134	0.814439444335746	0.081665178104388	TRUE	FALSE	FALSE	Tier_C	CANDIDATE_NOT_CONFIRMED	REQUIRES_10X_DIAGNOSTICS	0.5	0.05	TRUE	DEPLETION_ONLY	NA
Cavin2	Region_4	Region_3	WITHIN_MOUSE_TECHNICAL_PAIR	41.8078830538598	67.1366556960909	-0.676878827427611	-0.061718769841285	0.844061488864921	0.814439444335746	0.0296220445291751	TRUE	FALSE	FALSE	Tier_C	CANDIDATE_NOT_CONFIRMED	REQUIRES_10X_DIAGNOSTICS	0.5	0.05	TRUE	DEPLETION_ONLY	NA
Ccdc153	Region_4	Region_3	WITHIN_MOUSE_TECHNICAL_PAIR	0.320916897060922	1.44175784883962	-1.24205520971888	-0.0236689695763925	0.501351351351351	0.677074774034511	-0.17572342268316	TRUE	TRUE	FALSE	Tier_A	CANDIDATE_NOT_CONFIRMED	REQUIRES_10X_DIAGNOSTICS	0.5	0.05	TRUE	DEPLETION_AND_Q20_LOSS	NA
Ccdc80	Region_4	Region_3	WITHIN_MOUSE_TECHNICAL_PAIR	57.4368102286729	145.057660101502	-1.32903860173808	-0.10155996137409	0.809396419585273	0.854961730493529	-0.045565310908256	TRUE	FALSE	FALSE	Tier_C	CANDIDATE_NOT_CONFIRMED	REQUIRES_10X_DIAGNOSTICS	0.5	0.05	TRUE	DEPLETION_ONLY	NA
Ccl12	Region_1	Region_3	CROSS_MOUSE_DIAGNOSTIC_REFERENCE	2.60538726536393	3.07575007752452	-0.20347271003372	-0.0198402619993231	0.716114457831325	0.77799632835038	-0.061881870519055	FALSE	TRUE	FALSE	Tier_C	CANDIDATE_NOT_CONFIRMED	REQUIRES_10X_DIAGNOSTICS	0.5	0.05	TRUE	Q20_LOSS_ONLY	NA
Ccl12	Region_2	Region_3	CROSS_MOUSE_DIAGNOSTIC_REFERENCE	2.68547980540393	3.07575007752452	-0.166735213325301	-0.0155037656597466	0.67815344603381	0.77799632835038	-0.09984288231657	FALSE	TRUE	FALSE	Tier_C	CANDIDATE_NOT_CONFIRMED	REQUIRES_10X_DIAGNOSTICS	0.5	0.05	TRUE	Q20_LOSS_ONLY	NA
Ccl12	Region_4	Region_3	WITHIN_MOUSE_TECHNICAL_PAIR	1.09806607797769	3.07575007752452	-1.16191884163711	-0.029411318895877	0.813186813186813	0.77799632835038	0.0351904848364329	TRUE	FALSE	FALSE	Tier_C	CANDIDATE_NOT_CONFIRMED	REQUIRES_10X_DIAGNOSTICS	0.5	0.05	TRUE	DEPLETION_ONLY	NA
Dnase1l3	Region_4	Region_3	WITHIN_MOUSE_TECHNICAL_PAIR	1.13555209729249	10.444334149969	-2.74233456457624	-0.0869585351920164	0.8375	0.766254551274357	0.071245448725643	TRUE	FALSE	FALSE	Tier_C	CANDIDATE_NOT_CONFIRMED	REQUIRES_10X_DIAGNOSTICS	0.5	0.05	TRUE	DEPLETION_ONLY	NA
Klra8	Region_4	Region_3	WITHIN_MOUSE_TECHNICAL_PAIR	3.09853949897284	7.62629828792457	-1.17518682779595	-0.0792356238156343	0.841723249824397	0.796975225092685	0.0447480247317119	TRUE	FALSE	FALSE	Tier_C	CANDIDATE_NOT_CONFIRMED	REQUIRES_10X_DIAGNOSTICS	0.5	0.05	TRUE	DEPLETION_ONLY	NA
Dpt	Region_4	Region_3	WITHIN_MOUSE_TECHNICAL_PAIR	61.470671624208	73.2274818750013	-0.250616879290118	0.013025851333096	0.542971310342649	0.705307347458036	-0.162336037115387	FALSE	TRUE	FALSE	Tier_C	CANDIDATE_NOT_CONFIRMED	REQUIRES_10X_DIAGNOSTICS	0.5	0.05	TRUE	Q20_LOSS_ONLY	NA
Dsc3	Region_1	Region_3	CROSS_MOUSE_DIAGNOSTIC_REFERENCE	2.32528174758563	4.70553717915031	-0.881652302779022	-0.0449816443539089	0.68349558523885	0.755723781388479	-0.0722281961496289	TRUE	TRUE	FALSE	Tier_C	CANDIDATE_NOT_CONFIRMED	REQUIRES_10X_DIAGNOSTICS	0.5	0.05	TRUE	DEPLETION_AND_Q20_LOSS	NA
Dsc3	Region_2	Region_3	CROSS_MOUSE_DIAGNOSTIC_REFERENCE	2.41654625705228	4.70553717915031	-0.835786092599493	-0.0381560170496585	0.899529569892473	0.755723781388479	0.143805788503994	TRUE	FALSE	FALSE	Tier_C	CANDIDATE_NOT_CONFIRMED	REQUIRES_10X_DIAGNOSTICS	0.5	0.05	TRUE	DEPLETION_ONLY	NA
Dsc3	Region_4	Region_3	WITHIN_MOUSE_TECHNICAL_PAIR	0.415089091924954	4.70553717915031	-2.50806293406207	-0.063528490050635	0.864042933810376	0.755723781388479	0.108319152421897	TRUE	FALSE	FALSE	Tier_C	CANDIDATE_NOT_CONFIRMED	REQUIRES_10X_DIAGNOSTICS	0.5	0.05	TRUE	DEPLETION_ONLY	NA
Krt16	Region_4	Region_3	WITHIN_MOUSE_TECHNICAL_PAIR	0.405946160384757	2.04249028585613	-1.4887450421755	-0.0343744410107739	0.832317073170732	0.886149383611313	-0.053832310440581	TRUE	TRUE	FALSE	Tier_A	CANDIDATE_NOT_CONFIRMED	REQUIRES_10X_DIAGNOSTICS	0.5	0.05	TRUE	DEPLETION_AND_Q20_LOSS	NA
Dynlrb2	Region_1	Region_3	CROSS_MOUSE_DIAGNOSTIC_REFERENCE	1.92582692223223	1.54328163069541	0.247588552705541	-0.0073720260191426	0.634625191228965	0.789256198347107	-0.154631007118142	FALSE	TRUE	FALSE	Tier_A	CANDIDATE_NOT_CONFIRMED	REQUIRES_10X_DIAGNOSTICS	0.5	0.05	TRUE	Q20_LOSS_ONLY	NA
Cd300lf	Region_4	Region_3	WITHIN_MOUSE_TECHNICAL_PAIR	2.81693720753476	5.9388408723452	-0.956949295137454	-0.0429044849930922	0.815318230852211	0.818086956521739	-0.00276872566952802	TRUE	FALSE	FALSE	Tier_C	CANDIDATE_NOT_CONFIRMED	REQUIRES_10X_DIAGNOSTICS	0.5	0.05	TRUE	DEPLETION_ONLY	NA
Cd3d	Region_4	Region_3	WITHIN_MOUSE_TECHNICAL_PAIR	1.48206920266597	2.32783819343897	-0.512692238523461	-0.0187572215983485	0.753355704697987	0.525269368907132	0.228086335790855	TRUE	FALSE	FALSE	Tier_C	CANDIDATE_NOT_CONFIRMED	REQUIRES_10X_DIAGNOSTICS	0.5	0.05	TRUE	DEPLETION_ONLY	NA
Krt8	Region_4	Region_3	WITHIN_MOUSE_TECHNICAL_PAIR	0.75612043837431	1.23330369319489	-0.464549653882817	-0.0119803545974506	0.833333333333333	0.942940441482715	-0.109607108149382	FALSE	TRUE	FALSE	Tier_C	CANDIDATE_NOT_CONFIRMED	REQUIRES_10X_DIAGNOSTICS	0.5	0.05	TRUE	Q20_LOSS_ONLY	NA
Ecrg4	Region_1	Region_3	CROSS_MOUSE_DIAGNOSTIC_REFERENCE	0.50743753220706	1.02725246729823	-0.600248186226418	-0.0127874417512775	0.636643571978445	0.744983818770227	-0.108340246791782	TRUE	TRUE	FALSE	Tier_A	CANDIDATE_NOT_CONFIRMED	REQUIRES_10X_DIAGNOSTICS	0.5	0.05	TRUE	DEPLETION_AND_Q20_LOSS	NA
Ecrg4	Region_4	Region_3	WITHIN_MOUSE_TECHNICAL_PAIR	0.133486800486879	1.02725246729823	-1.26955210673134	-0.0163543065312757	0.524154589371981	0.744983818770227	-0.220829229398246	TRUE	TRUE	FALSE	Tier_A	CANDIDATE_NOT_CONFIRMED	REQUIRES_10X_DIAGNOSTICS	0.5	0.05	TRUE	DEPLETION_AND_Q20_LOSS	NA
Laptm5	Region_4	Region_3	WITHIN_MOUSE_TECHNICAL_PAIR	28.8678920450187	73.9273351641255	-1.34159286557487	-0.204083050942208	0.715957177474773	0.786283205365811	-0.0703260278910379	TRUE	TRUE	FALSE	Tier_A	CANDIDATE_NOT_CONFIRMED	REQUIRES_10X_DIAGNOSTICS	0.5	0.05	TRUE	DEPLETION_AND_Q20_LOSS	NA
Cd5l	Region_4	Region_3	WITHIN_MOUSE_TECHNICAL_PAIR	1.19040968653368	3.72574257437638	-1.32183194375919	-0.0205611300134805	0.764511562057574	0.775060056780957	-0.010548494723383	TRUE	FALSE	FALSE	Tier_C	CANDIDATE_NOT_CONFIRMED	REQUIRES_10X_DIAGNOSTICS	0.5	0.05	TRUE	DEPLETION_ONLY	NA
Eng	Region_1	Region_3	CROSS_MOUSE_DIAGNOSTIC_REFERENCE	12.7119191068255	23.9241693041824	-0.886469453695011	-0.145988258904006	0.794345094248429	0.795575786615557	-0.00123069236712792	TRUE	FALSE	FALSE	Tier_C	CANDIDATE_NOT_CONFIRMED	REQUIRES_10X_DIAGNOSTICS	0.5	0.05	TRUE	DEPLETION_ONLY	NA
Epcam	Region_4	Region_3	WITHIN_MOUSE_TECHNICAL_PAIR	0.443432179699565	1.39970657824846	-1.00978588638109	-0.0210810695305372	0.76008064516129	0.623938030984508	0.136142614176782	TRUE	FALSE	FALSE	Tier_C	CANDIDATE_NOT_CONFIRMED	REQUIRES_10X_DIAGNOSTICS	0.5	0.05	TRUE	DEPLETION_ONLY	NA
Epsti1	Region_2	Region_3	CROSS_MOUSE_DIAGNOSTIC_REFERENCE	27.2731391292529	30.1453544219254	-0.14197813942589	-0.071990670076007	0.744430207084694	0.821037373336798	-0.0766071662521041	FALSE	TRUE	FALSE	Tier_A	CANDIDATE_NOT_CONFIRMED	REQUIRES_10X_DIAGNOSTICS	0.5	0.05	TRUE	Q20_LOSS_ONLY	NA
Cd8a	Region_1	Region_3	CROSS_MOUSE_DIAGNOSTIC_REFERENCE	2.66384406907418	5.6985478975386	-0.970251784270763	-0.033729710354973	0.731232818777754	0.723108295098682	0.00812452367907202	TRUE	FALSE	FALSE	Tier_A	CANDIDATE_NOT_CONFIRMED	REQUIRES_10X_DIAGNOSTICS	0.5	0.05	TRUE	DEPLETION_ONLY	NA
Cd8a	Region_2	Region_3	CROSS_MOUSE_DIAGNOSTIC_REFERENCE	3.24455313172635	5.6985478975386	-0.727136721900965	-0.0265899297748625	0.689173680183627	0.723108295098682	-0.033934614915055	TRUE	FALSE	FALSE	Tier_A	CANDIDATE_NOT_CONFIRMED	REQUIRES_10X_DIAGNOSTICS	0.5	0.05	TRUE	DEPLETION_ONLY	NA
Cd8a	Region_4	Region_3	WITHIN_MOUSE_TECHNICAL_PAIR	1.23978151685074	5.6985478975386	-1.83302413955517	-0.0472703070068394	0.655157149181054	0.723108295098682	-0.067951145917628	TRUE	TRUE	FALSE	Tier_A	CANDIDATE_NOT_CONFIRMED	REQUIRES_10X_DIAGNOSTICS	0.5	0.05	TRUE	DEPLETION_AND_Q20_LOSS	NA
Prap1	Region_2	Region_3	CROSS_MOUSE_DIAGNOSTIC_REFERENCE	0.320985202871323	0.550871644744138	-0.356158342069689	-0.00679736987020047	0.354455445544554	0.682142857142857	-0.327687411598303	FALSE	TRUE	FALSE	Tier_A	CANDIDATE_NOT_CONFIRMED	REQUIRES_10X_DIAGNOSTICS	0.5	0.05	TRUE	Q20_LOSS_ONLY	NA
Lor	Region_4	Region_3	WITHIN_MOUSE_TECHNICAL_PAIR	0.113372351098445	0.460161046754645	-0.646513271876007	-0.00744976437239407	0.240802675585284	0.532051282051282	-0.291248606465998	TRUE	TRUE	FALSE	Tier_A	CANDIDATE_NOT_CONFIRMED	REQUIRES_10X_DIAGNOSTICS	0.5	0.05	TRUE	DEPLETION_AND_Q20_LOSS	NA
Cdh16	Region_1	Region_3	CROSS_MOUSE_DIAGNOSTIC_REFERENCE	2.05167143021959	1.34564065891698	0.46732087865394	-0.0019494280182937	0.519619047619048	0.732271165260856	-0.212652117641808	FALSE	TRUE	FALSE	Tier_A	CANDIDATE_NOT_CONFIRMED	REQUIRES_10X_DIAGNOSTICS	0.5	0.05	TRUE	Q20_LOSS_ONLY	NA
Cdh16	Region_2	Region_3	CROSS_MOUSE_DIAGNOSTIC_REFERENCE	0.806800645054948	1.34564065891698	-0.498082619604895	-0.0160453833332718	0.492682926829268	0.732271165260856	-0.239588238431588	FALSE	TRUE	FALSE	Tier_A	CANDIDATE_NOT_CONFIRMED	REQUIRES_10X_DIAGNOSTICS	0.5	0.05	TRUE	Q20_LOSS_ONLY	NA
Cdh16	Region_4	Region_3	WITHIN_MOUSE_TECHNICAL_PAIR	0.340117053295337	1.34564065891698	-1.13545943428623	-0.0211055307022311	0.421330517423442	0.732271165260856	-0.310940647837414	TRUE	TRUE	FALSE	Tier_A	CANDIDATE_NOT_CONFIRMED	REQUIRES_10X_DIAGNOSTICS	0.5	0.05	TRUE	DEPLETION_AND_Q20_LOSS	NA
Cdhr5	Region_4	Region_3	WITHIN_MOUSE_TECHNICAL_PAIR	0.554975944489971	1.58953802834568	-0.985973912042856	-0.0222348992822837	0.673763736263736	0.690780141843972	-0.017016405580236	TRUE	FALSE	FALSE	Tier_C	CANDIDATE_NOT_CONFIRMED	REQUIRES_10X_DIAGNOSTICS	0.5	0.05	TRUE	DEPLETION_ONLY	NA
Fbln5	Region_2	Region_3	CROSS_MOUSE_DIAGNOSTIC_REFERENCE	8.22898101174921	14.4247872776404	-0.773825214934981	-0.0679744896447104	0.51932732924205	0.829665832612305	-0.310338503370255	TRUE	TRUE	FALSE	Tier_C	CANDIDATE_NOT_CONFIRMED	REQUIRES_10X_DIAGNOSTICS	0.5	0.05	TRUE	DEPLETION_AND_Q20_LOSS	NA
Fbln5	Region_4	Region_3	WITHIN_MOUSE_TECHNICAL_PAIR	11.3326636440745	14.4247872776404	-0.334935494481618	-0.029398384266276	0.571966426030189	0.829665832612305	-0.257699406582116	FALSE	TRUE	FALSE	Tier_C	CANDIDATE_NOT_CONFIRMED	REQUIRES_10X_DIAGNOSTICS	0.5	0.05	TRUE	Q20_LOSS_ONLY	NA
Fcnb	Region_1	Region_3	CROSS_MOUSE_DIAGNOSTIC_REFERENCE	1.67982120661825	1.02304734023911	0.517249021860273	-0.000176467975307702	0.595179402903314	0.652716593245228	-0.0575371903419141	FALSE	TRUE	FALSE	Tier_C	CANDIDATE_NOT_CONFIRMED	REQUIRES_10X_DIAGNOSTICS	0.5	0.05	TRUE	Q20_LOSS_ONLY	NA
Fcnb	Region_4	Region_3	WITHIN_MOUSE_TECHNICAL_PAIR	0.72503447113764	1.02304734023911	-0.314138439536201	-0.0062916535951651	0.462646264626463	0.652716593245228	-0.190070328618765	FALSE	TRUE	FALSE	Tier_C	CANDIDATE_NOT_CONFIRMED	REQUIRES_10X_DIAGNOSTICS	0.5	0.05	TRUE	Q20_LOSS_ONLY	NA
Cdx1	Region_2	Region_3	CROSS_MOUSE_DIAGNOSTIC_REFERENCE	1.2704459380913	1.5174501359037	-0.188420225107102	-0.0129711816605011	0.620917734601075	0.756464904802501	-0.135547170201426	FALSE	TRUE	FALSE	Tier_A	CANDIDATE_NOT_CONFIRMED	REQUIRES_10X_DIAGNOSTICS	0.5	0.05	TRUE	Q20_LOSS_ONLY	NA
Prss3	Region_4	Region_3	WITHIN_MOUSE_TECHNICAL_PAIR	0.389488883612401	3.43919320191951	-2.14685169656365	-0.0625638585538194	0.364508393285372	0.775067058372717	-0.410558665087345	TRUE	TRUE	FALSE	Tier_A	CANDIDATE_NOT_CONFIRMED	REQUIRES_10X_DIAGNOSTICS	0.5	0.05	TRUE	DEPLETION_AND_Q20_LOSS	NA
Prx	Region_1	Region_3	CROSS_MOUSE_DIAGNOSTIC_REFERENCE	2.31472704691573	3.71853378513218	-0.583746629355036	-0.0222067129125619	0.875109361329834	0.719654483336556	0.155454877993278	TRUE	FALSE	FALSE	Tier_C	CANDIDATE_NOT_CONFIRMED	REQUIRES_10X_DIAGNOSTICS	0.5	0.05	TRUE	DEPLETION_ONLY	NA
Lyve1	Region_4	Region_3	WITHIN_MOUSE_TECHNICAL_PAIR	12.4837587249853	18.5452110631366	-0.552720180360243	-0.0354340882019062	0.758263153128679	0.815906379828061	-0.057643226699382	TRUE	TRUE	FALSE	Tier_A	CANDIDATE_NOT_CONFIRMED	REQUIRES_10X_DIAGNOSTICS	0.5	0.05	TRUE	DEPLETION_AND_Q20_LOSS	NA
Fxyd3	Region_1	Region_3	CROSS_MOUSE_DIAGNOSTIC_REFERENCE	0.794850150449139	1.1245711220949	-0.32727375646574	-0.0130910798235113	0.618307426597582	0.691239669421488	-0.072932242823906	FALSE	TRUE	FALSE	Tier_A	CANDIDATE_NOT_CONFIRMED	REQUIRES_10X_DIAGNOSTICS	0.5	0.05	TRUE	Q20_LOSS_ONLY	NA
Celf3	Region_4	Region_3	WITHIN_MOUSE_TECHNICAL_PAIR	0.303545327134548	1.14739895470153	-1.03573866622566	-0.0182082524072116	0.4921875	0.765148663906662	-0.272961163906662	TRUE	TRUE	FALSE	Tier_A	CANDIDATE_NOT_CONFIRMED	REQUIRES_10X_DIAGNOSTICS	0.5	0.05	TRUE	DEPLETION_AND_Q20_LOSS	NA
Cenpf	Region_1	Region_3	CROSS_MOUSE_DIAGNOSTIC_REFERENCE	0.874416355499206	1.89110571172797	-0.798858803873128	-0.0244683390057138	0.412833930046819	0.696758386732002	-0.283924456685183	TRUE	TRUE	FALSE	Tier_A	CANDIDATE_NOT_CONFIRMED	REQUIRES_10X_DIAGNOSTICS	0.5	0.05	TRUE	DEPLETION_AND_Q20_LOSS	NA
Cenpf	Region_2	Region_3	CROSS_MOUSE_DIAGNOSTIC_REFERENCE	1.64830239312301	1.89110571172797	-0.154480833496948	-0.0112779920942918	0.490532544378698	0.696758386732002	-0.206225842353304	FALSE	TRUE	FALSE	Tier_A	CANDIDATE_NOT_CONFIRMED	REQUIRES_10X_DIAGNOSTICS	0.5	0.05	TRUE	Q20_LOSS_ONLY	NA
Cenpf	Region_4	Region_3	WITHIN_MOUSE_TECHNICAL_PAIR	0.330974121755139	1.89110571172797	-1.5248024592629	-0.0287225919840489	0.228843264897346	0.696758386732002	-0.467915121834656	TRUE	TRUE	FALSE	Tier_A	CANDIDATE_NOT_CONFIRMED	REQUIRES_10X_DIAGNOSTICS	0.5	0.05	TRUE	DEPLETION_AND_Q20_LOSS	NA
Chl1	Region_4	Region_3	WITHIN_MOUSE_TECHNICAL_PAIR	0.831092477003927	3.24515662476318	-1.49241524907374	-0.0431386138738954	0.635261194029851	0.761796357615894	-0.126535163586043	TRUE	TRUE	FALSE	Tier_A	CANDIDATE_NOT_CONFIRMED	REQUIRES_10X_DIAGNOSTICS	0.5	0.05	TRUE	DEPLETION_AND_Q20_LOSS	NA
Fxyd6	Region_2	Region_3	CROSS_MOUSE_DIAGNOSTIC_REFERENCE	5.54639296492972	4.01469487658132	0.421446257943257	0.0010622893208429	0.704921111945905	0.790914535032937	-0.085993423087032	FALSE	TRUE	FALSE	Tier_C	CANDIDATE_NOT_CONFIRMED	REQUIRES_10X_DIAGNOSTICS	0.5	0.05	TRUE	Q20_LOSS_ONLY	NA
Fxyd6	Region_4	Region_3	WITHIN_MOUSE_TECHNICAL_PAIR	1.54606972344735	4.01469487658132	-1.1417731788626	-0.037146242046068	0.810888252148997	0.790914535032937	0.01997371711606	TRUE	FALSE	FALSE	Tier_C	CANDIDATE_NOT_CONFIRMED	REQUIRES_10X_DIAGNOSTICS	0.5	0.05	TRUE	DEPLETION_ONLY	NA
Clcnka	Region_4	Region_3	WITHIN_MOUSE_TECHNICAL_PAIR	0.236801926891108	0.817596846779467	-0.838560268084439	-0.0124696769087363	0.538910505836576	0.67520151730678	-0.136291011470204	TRUE	TRUE	FALSE	Tier_A	CANDIDATE_NOT_CONFIRMED	REQUIRES_10X_DIAGNOSTICS	0.5	0.05	TRUE	DEPLETION_AND_Q20_LOSS	NA
Clcnkb	Region_4	Region_3	WITHIN_MOUSE_TECHNICAL_PAIR	0.342859932757396	0.973186547966743	-0.805575320999374	-0.0136539462531349	0.562865497076023	0.636500754147813	-0.0736352570717901	TRUE	TRUE	FALSE	Tier_A	CANDIDATE_NOT_CONFIRMED	REQUIRES_10X_DIAGNOSTICS	0.5	0.05	TRUE	DEPLETION_AND_Q20_LOSS	NA
Cldn11	Region_1	Region_3	CROSS_MOUSE_DIAGNOSTIC_REFERENCE	0.725838646068979	1.59734755002689	-0.774796855897217	-0.0222842468969354	0.555383022774327	0.713807718045951	-0.158424695271624	TRUE	TRUE	FALSE	Tier_A	CANDIDATE_NOT_CONFIRMED	REQUIRES_10X_DIAGNOSTICS	0.5	0.05	TRUE	DEPLETION_AND_Q20_LOSS	NA
Cldn11	Region_2	Region_3	CROSS_MOUSE_DIAGNOSTIC_REFERENCE	0.881022448721891	1.59734755002689	-0.602829178246835	-0.0180442046399459	0.746885245901639	0.713807718045951	0.033077527855688	TRUE	FALSE	FALSE	Tier_A	CANDIDATE_NOT_CONFIRMED	REQUIRES_10X_DIAGNOSTICS	0.5	0.05	TRUE	DEPLETION_ONLY	NA
Cldn11	Region_4	Region_3	WITHIN_MOUSE_TECHNICAL_PAIR	0.795435043997158	1.59734755002689	-0.69512927186829	-0.0153919840050048	0.55869459327813	0.713807718045951	-0.155113124767821	TRUE	TRUE	FALSE	Tier_A	CANDIDATE_NOT_CONFIRMED	REQUIRES_10X_DIAGNOSTICS	0.5	0.05	TRUE	DEPLETION_AND_Q20_LOSS	NA
Cldn2	Region_1	Region_3	CROSS_MOUSE_DIAGNOSTIC_REFERENCE	0.456287828960589	0.837421017201012	-0.483936874907133	-0.0118093647422584	0.375529981829194	0.448090692124105	-0.072560710294911	FALSE	TRUE	FALSE	Tier_A	CANDIDATE_NOT_CONFIRMED	REQUIRES_10X_DIAGNOSTICS	0.5	0.05	TRUE	Q20_LOSS_ONLY	NA
Cldn2	Region_4	Region_3	WITHIN_MOUSE_TECHNICAL_PAIR	0.0758863317836369	0.837421017201012	-1.21559770785993	-0.0161767593307267	0.124137931034483	0.448090692124105	-0.323952761089622	TRUE	TRUE	FALSE	Tier_A	CANDIDATE_NOT_CONFIRMED	REQUIRES_10X_DIAGNOSTICS	0.5	0.05	TRUE	DEPLETION_AND_Q20_LOSS	NA
Cldn3	Region_4	Region_3	WITHIN_MOUSE_TECHNICAL_PAIR	0.16365847456953	0.180219731104952	-0.0355598479156902	-0.00044646261775773	0.330213903743315	0.483630952380952	-0.153417048637637	FALSE	TRUE	FALSE	Tier_C	CANDIDATE_NOT_CONFIRMED	REQUIRES_10X_DIAGNOSTICS	0.5	0.05	TRUE	Q20_LOSS_ONLY	NA
Cldn4	Region_4	Region_3	WITHIN_MOUSE_TECHNICAL_PAIR	0.331888414909159	1.5066369520374	-1.27031769173177	-0.0249388209781162	0.672354948805461	0.771259259259259	-0.098904310453798	TRUE	TRUE	FALSE	Tier_A	CANDIDATE_NOT_CONFIRMED	REQUIRES_10X_DIAGNOSTICS	0.5	0.05	TRUE	DEPLETION_AND_Q20_LOSS	NA
Cldn7	Region_2	Region_3	CROSS_MOUSE_DIAGNOSTIC_REFERENCE	0.794269691189101	1.44536224346172	-0.587900554941506	-0.0186172414510602	0.550407013149656	0.737403675163011	-0.186996662013355	TRUE	TRUE	FALSE	Tier_A	CANDIDATE_NOT_CONFIRMED	REQUIRES_10X_DIAGNOSTICS	0.5	0.05	TRUE	DEPLETION_AND_Q20_LOSS	NA
Cldn7	Region_4	Region_3	WITHIN_MOUSE_TECHNICAL_PAIR	0.29531668874837	1.44536224346172	-1.29043747311098	-0.0245360127352634	0.461133069828722	0.737403675163011	-0.276270605334289	TRUE	TRUE	FALSE	Tier_A	CANDIDATE_NOT_CONFIRMED	REQUIRES_10X_DIAGNOSTICS	0.5	0.05	TRUE	DEPLETION_AND_Q20_LOSS	NA
Clec14a	Region_2	Region_3	CROSS_MOUSE_DIAGNOSTIC_REFERENCE	2.62475287513097	6.27465030463743	-1.11640438204416	-0.0659457463700773	0.934013197360528	0.827279619546488	0.10673357781404	TRUE	FALSE	FALSE	Tier_C	CANDIDATE_NOT_CONFIRMED	REQUIRES_10X_DIAGNOSTICS	0.5	0.05	TRUE	DEPLETION_ONLY	NA
Clec4a3	Region_2	Region_3	CROSS_MOUSE_DIAGNOSTIC_REFERENCE	14.1956428909489	14.2619887872089	-0.00649862544342293	-0.019376487874972	0.766496185126184	0.849347568208778	-0.082851383082594	FALSE	TRUE	FALSE	Tier_A	CANDIDATE_NOT_CONFIRMED	REQUIRES_10X_DIAGNOSTICS	0.5	0.05	TRUE	Q20_LOSS_ONLY	NA
Clec4a3	Region_4	Region_3	WITHIN_MOUSE_TECHNICAL_PAIR	5.69513205638885	14.2619887872089	-1.25268015894199	-0.0699472505516673	0.617679186622973	0.849347568208778	-0.231668381585805	TRUE	TRUE	FALSE	Tier_A	CANDIDATE_NOT_CONFIRMED	REQUIRES_10X_DIAGNOSTICS	0.5	0.05	TRUE	DEPLETION_AND_Q20_LOSS	NA
Clec4f	Region_1	Region_3	CROSS_MOUSE_DIAGNOSTIC_REFERENCE	1.45817249255021	1.57812411204237	-0.0857739636200536	-0.0144408960241368	0.56865127582017	0.729261136303014	-0.160609860482844	FALSE	TRUE	FALSE	Tier_A	CANDIDATE_NOT_CONFIRMED	REQUIRES_10X_DIAGNOSTICS	0.5	0.05	TRUE	Q20_LOSS_ONLY	NA
Clec4f	Region_4	Region_3	WITHIN_MOUSE_TECHNICAL_PAIR	0.236801926891108	1.57812411204237	-1.49593307955892	-0.0283801154386395	0.465460526315789	0.729261136303014	-0.263800609987225	TRUE	TRUE	FALSE	Tier_A	CANDIDATE_NOT_CONFIRMED	REQUIRES_10X_DIAGNOSTICS	0.5	0.05	TRUE	DEPLETION_AND_Q20_LOSS	NA
Cndp2	Region_4	Region_3	WITHIN_MOUSE_TECHNICAL_PAIR	12.7205606518764	28.856182612088	-1.15088101740475	-0.149847601535332	0.908936626323076	0.821924906469899	0.087011719853177	TRUE	FALSE	FALSE	Tier_C	CANDIDATE_NOT_CONFIRMED	REQUIRES_10X_DIAGNOSTICS	0.5	0.05	TRUE	DEPLETION_ONLY	NA
Cnfn	Region_4	Region_3	WITHIN_MOUSE_TECHNICAL_PAIR	0.0630862276273608	0.131560403706615	-0.165564858029112	-0.00153212738420206	0.122655122655123	0.38917089678511	-0.266515774129987	FALSE	TRUE	FALSE	Tier_C	CANDIDATE_NOT_CONFIRMED	REQUIRES_10X_DIAGNOSTICS	0.5	0.05	TRUE	Q20_LOSS_ONLY	NA
Cnn1	Region_4	Region_3	WITHIN_MOUSE_TECHNICAL_PAIR	0.637262328351746	1.51684940346668	-0.826538289015013	-0.0156032557253726	0.650689905591866	0.781946995539229	-0.131257089947363	TRUE	TRUE	FALSE	Tier_A	CANDIDATE_NOT_CONFIRMED	REQUIRES_10X_DIAGNOSTICS	0.5	0.05	TRUE	DEPLETION_AND_Q20_LOSS	NA
Coch	Region_4	Region_3	WITHIN_MOUSE_TECHNICAL_PAIR	0.506518407326926	1.42253441085509	-0.933635864098267	-0.0174709785199272	0.585585585585586	0.652286902286902	-0.066701316701316	TRUE	TRUE	FALSE	Tier_A	CANDIDATE_NOT_CONFIRMED	REQUIRES_10X_DIAGNOSTICS	0.5	0.05	TRUE	DEPLETION_AND_Q20_LOSS	NA
Col17a1	Region_4	Region_3	WITHIN_MOUSE_TECHNICAL_PAIR	0.339202760141317	1.05308396208994	-0.888044498064352	-0.0134378057360358	0.734982332155477	0.672668347137198	0.062313985018279	TRUE	FALSE	FALSE	Tier_C	CANDIDATE_NOT_CONFIRMED	REQUIRES_10X_DIAGNOSTICS	0.5	0.05	TRUE	DEPLETION_ONLY	NA
Col8a1	Region_1	Region_3	CROSS_MOUSE_DIAGNOSTIC_REFERENCE	0.284165018035954	0.27873985077566	0.0100158282117587	-0.00218715010276353	0.180912596401028	0.460446247464503	-0.279533651063475	FALSE	TRUE	FALSE	Tier_A	CANDIDATE_NOT_CONFIRMED	REQUIRES_10X_DIAGNOSTICS	0.5	0.05	TRUE	Q20_LOSS_ONLY	NA
Gria2	Region_1	Region_3	CROSS_MOUSE_DIAGNOSTIC_REFERENCE	1.14721477281372	1.17923777386341	-0.027777851277374	-0.0101229817362445	0.434866962305987	0.693324520819564	-0.258457558513577	FALSE	TRUE	FALSE	Tier_A	CANDIDATE_NOT_CONFIRMED	REQUIRES_10X_DIAGNOSTICS	0.5	0.05	TRUE	Q20_LOSS_ONLY	NA
Gria2	Region_2	Region_3	CROSS_MOUSE_DIAGNOSTIC_REFERENCE	0.683418945452758	1.17923777386341	-0.504845628414634	-0.0147090412098564	0.53050034270048	0.693324520819564	-0.162824178119084	TRUE	TRUE	FALSE	Tier_A	CANDIDATE_NOT_CONFIRMED	REQUIRES_10X_DIAGNOSTICS	0.5	0.05	TRUE	DEPLETION_AND_Q20_LOSS	NA
Gria2	Region_4	Region_3	WITHIN_MOUSE_TECHNICAL_PAIR	0.681148399744693	1.17923777386341	-0.50761628838047	-0.0115693926306998	0.483707865168539	0.693324520819564	-0.209616655651025	TRUE	TRUE	FALSE	Tier_A	CANDIDATE_NOT_CONFIRMED	REQUIRES_10X_DIAGNOSTICS	0.5	0.05	TRUE	DEPLETION_AND_Q20_LOSS	NA
Comp	Region_4	Region_3	WITHIN_MOUSE_TECHNICAL_PAIR	1.07978021489729	2.73994064523229	-1.03624352452229	-0.030737506615402	0.876912840984697	0.731738573259291	0.145174267725406	TRUE	FALSE	FALSE	Tier_C	CANDIDATE_NOT_CONFIRMED	REQUIRES_10X_DIAGNOSTICS	0.5	0.05	TRUE	DEPLETION_ONLY	NA
Hap1	Region_4	Region_3	WITHIN_MOUSE_TECHNICAL_PAIR	0.979207967955122	2.39211656419974	-0.967300798859297	-0.0223241269862022	0.688726864834548	0.642857142857143	0.045869721977405	TRUE	FALSE	FALSE	Tier_C	CANDIDATE_NOT_CONFIRMED	REQUIRES_10X_DIAGNOSTICS	0.5	0.05	TRUE	DEPLETION_ONLY	NA
Hemgn	Region_1	Region_3	CROSS_MOUSE_DIAGNOSTIC_REFERENCE	2.26438924372079	2.02807270736773	0.128922814717221	-0.0131803121475083	0.641082032109083	0.750799403112343	-0.10971737100326	FALSE	TRUE	FALSE	Tier_A	CANDIDATE_NOT_CONFIRMED	REQUIRES_10X_DIAGNOSTICS	0.5	0.05	TRUE	Q20_LOSS_ONLY	NA
Hemgn	Region_2	Region_3	CROSS_MOUSE_DIAGNOSTIC_REFERENCE	1.16537870952381	2.02807270736773	-0.602187670479113	-0.0245311729370163	0.876171352074967	0.750799403112343	0.125371948962624	TRUE	FALSE	FALSE	Tier_A	CANDIDATE_NOT_CONFIRMED	REQUIRES_10X_DIAGNOSTICS	0.5	0.05	TRUE	DEPLETION_ONLY	NA
Hemgn	Region_4	Region_3	WITHIN_MOUSE_TECHNICAL_PAIR	0.250516324201404	2.02807270736773	-1.75208259919608	-0.0368037600074693	0.36773428232503	0.750799403112343	-0.383065120787313	TRUE	TRUE	FALSE	Tier_A	CANDIDATE_NOT_CONFIRMED	REQUIRES_10X_DIAGNOSTICS	0.5	0.05	TRUE	DEPLETION_AND_Q20_LOSS	NA
Higd1b	Region_1	Region_3	CROSS_MOUSE_DIAGNOSTIC_REFERENCE	0.75181944771798	1.36426336446449	-0.574579189255779	-0.0160155218973938	0.606389391199518	0.692744991878722	-0.086355600679204	TRUE	TRUE	FALSE	Tier_C	CANDIDATE_NOT_CONFIRMED	REQUIRES_10X_DIAGNOSTICS	0.5	0.05	TRUE	DEPLETION_AND_Q20_LOSS	NA
Cox8b	Region_1	Region_3	CROSS_MOUSE_DIAGNOSTIC_REFERENCE	0.917447058230365	7.97952896089028	-2.58068927369791	-0.0975596274631706	0.396662763466042	0.793085608889289	-0.396422845423247	TRUE	TRUE	FALSE	Tier_B	CANDIDATE_NOT_CONFIRMED	REQUIRES_10X_DIAGNOSTICS	0.5	0.05	TRUE	DEPLETION_AND_Q20_LOSS	NA
Cox8b	Region_2	Region_3	CROSS_MOUSE_DIAGNOSTIC_REFERENCE	2.26039129349325	7.97952896089028	-1.61911133737075	-0.0782369008870911	0.703346918611832	0.793085608889289	-0.0897386902774571	TRUE	TRUE	FALSE	Tier_B	CANDIDATE_NOT_CONFIRMED	REQUIRES_10X_DIAGNOSTICS	0.5	0.05	TRUE	DEPLETION_AND_Q20_LOSS	NA
Cox8b	Region_4	Region_3	WITHIN_MOUSE_TECHNICAL_PAIR	3.11499677574519	7.97952896089028	-1.22998976466611	-0.0540847968608545	0.828920005545543	0.793085608889289	0.035834396656254	TRUE	FALSE	FALSE	Tier_B	CANDIDATE_NOT_CONFIRMED	REQUIRES_10X_DIAGNOSTICS	0.5	0.05	TRUE	DEPLETION_ONLY	NA
Hp	Region_4	Region_3	WITHIN_MOUSE_TECHNICAL_PAIR	72.8335069423651	145.353220460514	-0.991972803050974	-0.109717618395577	0.778889278529374	0.853907787054181	-0.0750185085248071	TRUE	TRUE	FALSE	Tier_A	CANDIDATE_NOT_CONFIRMED	REQUIRES_10X_DIAGNOSTICS	0.5	0.05	TRUE	DEPLETION_AND_Q20_LOSS	NA
Hpgd	Region_1	Region_3	CROSS_MOUSE_DIAGNOSTIC_REFERENCE	4.33392247507406	7.56322138203784	-0.738161997171007	-0.0657469738349915	0.716475701303832	0.828792158165808	-0.112316456861976	TRUE	TRUE	FALSE	Tier_C	CANDIDATE_NOT_CONFIRMED	REQUIRES_10X_DIAGNOSTICS	0.5	0.05	TRUE	DEPLETION_AND_Q20_LOSS	NA
Hpgd	Region_2	Region_3	CROSS_MOUSE_DIAGNOSTIC_REFERENCE	6.82069458113359	7.56322138203784	-0.139375796317615	-0.0310538631864814	0.679072877200802	0.828792158165808	-0.149719280965006	FALSE	TRUE	FALSE	Tier_C	CANDIDATE_NOT_CONFIRMED	REQUIRES_10X_DIAGNOSTICS	0.5	0.05	TRUE	Q20_LOSS_ONLY	NA
Cpa3	Region_4	Region_3	WITHIN_MOUSE_TECHNICAL_PAIR	0.911550274557663	3.64043856832004	-1.55250307710062	-0.0286927346694564	0.533333333333333	0.791391353596375	-0.258058020263042	TRUE	TRUE	FALSE	Tier_A	CANDIDATE_NOT_CONFIRMED	REQUIRES_10X_DIAGNOSTICS	0.5	0.05	TRUE	DEPLETION_AND_Q20_LOSS	NA
Cplx2	Region_2	Region_3	CROSS_MOUSE_DIAGNOSTIC_REFERENCE	2.37316987828588	2.30561109326936	0.0343282557287494	-0.0125183404262457	0.700099140779907	0.810196730396232	-0.110097589616325	FALSE	TRUE	FALSE	Tier_A	CANDIDATE_NOT_CONFIRMED	REQUIRES_10X_DIAGNOSTICS	0.5	0.05	TRUE	Q20_LOSS_ONLY	NA
Cplx2	Region_4	Region_3	WITHIN_MOUSE_TECHNICAL_PAIR	0.634519448889687	2.30561109326936	-1.30623369895276	-0.0338982986915424	0.727686185332575	0.810196730396232	-0.082510545063657	TRUE	TRUE	FALSE	Tier_A	CANDIDATE_NOT_CONFIRMED	REQUIRES_10X_DIAGNOSTICS	0.5	0.05	TRUE	DEPLETION_AND_Q20_LOSS	NA
Crct1	Region_1	Region_3	CROSS_MOUSE_DIAGNOSTIC_REFERENCE	0.319888620303331	0.660805680718159	-0.501626642899382	-0.00992644586138905	0.368020304568528	0.68452030606239	-0.316500001493862	TRUE	TRUE	FALSE	Tier_A	CANDIDATE_NOT_CONFIRMED	REQUIRES_10X_DIAGNOSTICS	0.5	0.05	TRUE	DEPLETION_AND_Q20_LOSS	NA
Crct1	Region_4	Region_3	WITHIN_MOUSE_TECHNICAL_PAIR	0.0594290550112819	0.660805680718159	-1.05309939477325	-0.0128217720285083	0.493421052631579	0.68452030606239	-0.191099253430811	TRUE	TRUE	FALSE	Tier_A	CANDIDATE_NOT_CONFIRMED	REQUIRES_10X_DIAGNOSTICS	0.5	0.05	TRUE	DEPLETION_AND_Q20_LOSS	NA
Cryab	Region_1	Region_3	CROSS_MOUSE_DIAGNOSTIC_REFERENCE	6.85243643492414	11.1201581416126	-0.660335391330455	-0.0963241244934211	0.987805505531258	0.973831347387718	0.01397415814354	TRUE	FALSE	FALSE	Tier_C	CANDIDATE_NOT_CONFIRMED	REQUIRES_10X_DIAGNOSTICS	0.5	0.05	TRUE	DEPLETION_ONLY	NA
Cryab	Region_2	Region_3	CROSS_MOUSE_DIAGNOSTIC_REFERENCE	5.54157336728901	11.1201581416126	-0.943633487678757	-0.10106437124558	0.992312487014336	0.973831347387718	0.018481139626618	TRUE	FALSE	FALSE	Tier_C	CANDIDATE_NOT_CONFIRMED	REQUIRES_10X_DIAGNOSTICS	0.5	0.05	TRUE	DEPLETION_ONLY	NA
Hsd11b2	Region_2	Region_3	CROSS_MOUSE_DIAGNOSTIC_REFERENCE	1.33502854647683	2.50265133261077	-0.710434452690338	-0.0266575779801991	0.773689052437903	0.794977096825146	-0.021288044387243	TRUE	FALSE	FALSE	Tier_A	CANDIDATE_NOT_CONFIRMED	REQUIRES_10X_DIAGNOSTICS	0.5	0.05	TRUE	DEPLETION_ONLY	NA
Csf3r	Region_4	Region_3	WITHIN_MOUSE_TECHNICAL_PAIR	2.8791091420081	5.21075315868119	-0.757038078030611	-0.0389134175047396	0.83900335409679	0.793559180259306	0.045444173837484	TRUE	FALSE	FALSE	Tier_C	CANDIDATE_NOT_CONFIRMED	REQUIRES_10X_DIAGNOSTICS	0.5	0.05	TRUE	DEPLETION_ONLY	NA
Hsd3b4	Region_1	Region_3	CROSS_MOUSE_DIAGNOSTIC_REFERENCE	4.69278229785089	4.84190344235305	-0.0408461555930633	-0.0387822633107374	0.684940411700975	0.76475372797108	-0.079813316270105	FALSE	TRUE	FALSE	Tier_A	CANDIDATE_NOT_CONFIRMED	REQUIRES_10X_DIAGNOSTICS	0.5	0.05	TRUE	Q20_LOSS_ONLY	NA
Hsd3b4	Region_4	Region_3	WITHIN_MOUSE_TECHNICAL_PAIR	0.353831450605632	4.84190344235305	-2.64533068887257	-0.0902223758362076	0.308931185944363	0.76475372797108	-0.455822542026717	TRUE	TRUE	FALSE	Tier_A	CANDIDATE_NOT_CONFIRMED	REQUIRES_10X_DIAGNOSTICS	0.5	0.05	TRUE	DEPLETION_AND_Q20_LOSS	NA
Ctla2a	Region_1	Region_3	CROSS_MOUSE_DIAGNOSTIC_REFERENCE	12.5454795962616	9.43990951527741	0.392245359657244	-0.019066378248736	0.704541493848245	0.789093220002383	-0.084551726154138	FALSE	TRUE	FALSE	Tier_C	CANDIDATE_NOT_CONFIRMED	REQUIRES_10X_DIAGNOSTICS	0.5	0.05	TRUE	Q20_LOSS_ONLY	NA
Il1r2	Region_4	Region_3	WITHIN_MOUSE_TECHNICAL_PAIR	11.5941514861241	18.9753354880404	-0.687338626012695	-0.0205142474743647	0.98705222270177	0.9739708986731	0.0130813240286699	TRUE	FALSE	FALSE	Tier_C	CANDIDATE_NOT_CONFIRMED	REQUIRES_10X_DIAGNOSTICS	0.5	0.05	TRUE	DEPLETION_ONLY	NA
Neurod1	Region_2	Region_3	CROSS_MOUSE_DIAGNOSTIC_REFERENCE	0.577387797357125	1.11916453016175	-0.587711961220129	-0.0151558546508805	0.618556701030928	0.569682862961885	0.048873838069043	TRUE	FALSE	FALSE	Tier_A	CANDIDATE_NOT_CONFIRMED	REQUIRES_10X_DIAGNOSTICS	0.5	0.05	TRUE	DEPLETION_ONLY	NA
Neurod1	Region_4	Region_3	WITHIN_MOUSE_TECHNICAL_PAIR	0.167315647185609	1.11916453016175	-1.27880835383419	-0.0203383299199571	0.288011695906433	0.569682862961885	-0.281671167055452	TRUE	TRUE	FALSE	Tier_A	CANDIDATE_NOT_CONFIRMED	REQUIRES_10X_DIAGNOSTICS	0.5	0.05	TRUE	DEPLETION_AND_Q20_LOSS	NA
Ctse	Region_1	Region_3	CROSS_MOUSE_DIAGNOSTIC_REFERENCE	1.42407269038589	2.2707686119224	-0.526122931420685	-0.0289283513209489	0.736198738170347	0.75240429945314	-0.016205561282793	TRUE	FALSE	FALSE	Tier_A	CANDIDATE_NOT_CONFIRMED	REQUIRES_10X_DIAGNOSTICS	0.5	0.05	TRUE	DEPLETION_ONLY	NA
Ctse	Region_4	Region_3	WITHIN_MOUSE_TECHNICAL_PAIR	0.554061651335951	2.2707686119224	-1.39432698409012	-0.0357255092154384	0.574089068825911	0.75240429945314	-0.178315230627229	TRUE	TRUE	FALSE	Tier_A	CANDIDATE_NOT_CONFIRMED	REQUIRES_10X_DIAGNOSTICS	0.5	0.05	TRUE	DEPLETION_AND_Q20_LOSS	NA
Ctss	Region_1	Region_3	CROSS_MOUSE_DIAGNOSTIC_REFERENCE	196.209449753414	100.118668685608	0.967168258963271	0.073033606140816	0.774621466938514	0.824636448501193	-0.050014981562679	FALSE	TRUE	FALSE	Tier_A	CANDIDATE_NOT_CONFIRMED	REQUIRES_10X_DIAGNOSTICS	0.5	0.05	TRUE	Q20_LOSS_ONLY	NA
Ctss	Region_4	Region_3	WITHIN_MOUSE_TECHNICAL_PAIR	24.9026026360352	100.118668685608	-1.98584978444519	-0.268683284186684	0.747930357600068	0.824636448501193	-0.076706090901125	TRUE	TRUE	FALSE	Tier_A	CANDIDATE_NOT_CONFIRMED	REQUIRES_10X_DIAGNOSTICS	0.5	0.05	TRUE	DEPLETION_AND_Q20_LOSS	NA
Cubn	Region_2	Region_3	CROSS_MOUSE_DIAGNOSTIC_REFERENCE	1.04585268803419	1.71328891037108	-0.517788940532287	-0.0203678109229289	0.787449392712551	0.725806451612903	0.061642941099648	TRUE	FALSE	FALSE	Tier_A	CANDIDATE_NOT_CONFIRMED	REQUIRES_10X_DIAGNOSTICS	0.5	0.05	TRUE	DEPLETION_ONLY	NA
Cubn	Region_4	Region_3	WITHIN_MOUSE_TECHNICAL_PAIR	0.615319292655273	1.71328891037108	-0.988735002002513	-0.0231788727254236	0.395108695652174	0.725806451612903	-0.330697755960729	TRUE	TRUE	FALSE	Tier_A	CANDIDATE_NOT_CONFIRMED	REQUIRES_10X_DIAGNOSTICS	0.5	0.05	TRUE	DEPLETION_AND_Q20_LOSS	NA
Cux2	Region_4	Region_3	WITHIN_MOUSE_TECHNICAL_PAIR	0.202058787038359	1.09093010562198	-1.18020671002908	-0.0188594608365179	0.317801672640382	0.781526104417671	-0.463724431777289	TRUE	TRUE	FALSE	Tier_A	CANDIDATE_NOT_CONFIRMED	REQUIRES_10X_DIAGNOSTICS	0.5	0.05	TRUE	DEPLETION_AND_Q20_LOSS	NA
Isg20	Region_4	Region_3	WITHIN_MOUSE_TECHNICAL_PAIR	0.983779433725221	1.16902532243412	-0.169729194534733	-0.0037834560630829	0.634350888963435	0.747749881572714	-0.113398992609279	FALSE	TRUE	FALSE	Tier_C	CANDIDATE_NOT_CONFIRMED	REQUIRES_10X_DIAGNOSTICS	0.5	0.05	TRUE	Q20_LOSS_ONLY	NA
Cxcr2	Region_4	Region_3	WITHIN_MOUSE_TECHNICAL_PAIR	0.507432700480946	2.76877580220909	-1.69806696374768	-0.0360318881832765	0.633540372670807	0.734950720242608	-0.101410347571801	TRUE	TRUE	FALSE	Tier_A	CANDIDATE_NOT_CONFIRMED	REQUIRES_10X_DIAGNOSTICS	0.5	0.05	TRUE	DEPLETION_AND_Q20_LOSS	NA
Cybb	Region_4	Region_3	WITHIN_MOUSE_TECHNICAL_PAIR	9.44464828102373	15.0477468148265	-0.644713267288499	-0.069496340281687	0.845167905665214	0.712893344472292	0.132274561192922	TRUE	FALSE	FALSE	Tier_C	CANDIDATE_NOT_CONFIRMED	REQUIRES_10X_DIAGNOSTICS	0.5	0.05	TRUE	DEPLETION_ONLY	NA
Nupr1	Region_4	Region_3	WITHIN_MOUSE_TECHNICAL_PAIR	26.2045560873592	40.7086335944237	-0.625860724831438	-0.078993408960267	0.797566611307676	0.866504171100965	-0.068937559793289	TRUE	TRUE	FALSE	Tier_A	CANDIDATE_NOT_CONFIRMED	REQUIRES_10X_DIAGNOSTICS	0.5	0.05	TRUE	DEPLETION_AND_Q20_LOSS	NA
Cyp11a1	Region_2	Region_3	CROSS_MOUSE_DIAGNOSTIC_REFERENCE	1.5335959692741	1.37027068883465	0.120785985944481	-0.0046301823351336	0.565043156596794	0.659724030200469	-0.0946808736036749	FALSE	TRUE	FALSE	Tier_A	CANDIDATE_NOT_CONFIRMED	REQUIRES_10X_DIAGNOSTICS	0.5	0.05	TRUE	Q20_LOSS_ONLY	NA
Cyp11a1	Region_4	Region_3	WITHIN_MOUSE_TECHNICAL_PAIR	0.174629992417767	1.37027068883465	-1.47107872636732	-0.022050066281737	0.324888226527571	0.659724030200469	-0.334835803672898	TRUE	TRUE	FALSE	Tier_A	CANDIDATE_NOT_CONFIRMED	REQUIRES_10X_DIAGNOSTICS	0.5	0.05	TRUE	DEPLETION_AND_Q20_LOSS	NA
Cyp4b1	Region_2	Region_3	CROSS_MOUSE_DIAGNOSTIC_REFERENCE	5.66399114736305	15.646677054532	-1.38930059747176	-0.108557512225421	0.896105610561056	0.829734580659197	0.0663710299018589	TRUE	FALSE	FALSE	Tier_C	CANDIDATE_NOT_CONFIRMED	REQUIRES_10X_DIAGNOSTICS	0.5	0.05	TRUE	DEPLETION_ONLY	NA
Iyd	Region_4	Region_3	WITHIN_MOUSE_TECHNICAL_PAIR	0.638176621505766	1.79979438130146	-1.01478042779154	-0.0245066388213242	0.583586626139818	0.782238442822384	-0.198651816682566	TRUE	TRUE	FALSE	Tier_A	CANDIDATE_NOT_CONFIRMED	REQUIRES_10X_DIAGNOSTICS	0.5	0.05	TRUE	DEPLETION_AND_Q20_LOSS	NA
Kcna1	Region_1	Region_3	CROSS_MOUSE_DIAGNOSTIC_REFERENCE	1.56940279961	1.83643905995946	-0.175096922284357	-0.0085532369490726	0.539210910862153	0.656901509705248	-0.117690598843095	FALSE	TRUE	FALSE	Tier_C	CANDIDATE_NOT_CONFIRMED	REQUIRES_10X_DIAGNOSTICS	0.5	0.05	TRUE	Q20_LOSS_ONLY	NA
Dao	Region_1	Region_3	CROSS_MOUSE_DIAGNOSTIC_REFERENCE	1.24951417930666	1.39429998631531	-0.114710460618714	-0.0134429445339375	0.661010101010101	0.748829953198128	-0.0878198521880269	FALSE	TRUE	FALSE	Tier_A	CANDIDATE_NOT_CONFIRMED	REQUIRES_10X_DIAGNOSTICS	0.5	0.05	TRUE	Q20_LOSS_ONLY	NA
Dao	Region_4	Region_3	WITHIN_MOUSE_TECHNICAL_PAIR	0.631776569427628	1.39429998631531	-0.743075642380843	-0.0161767794724206	0.406486486486486	0.748829953198128	-0.342343466711642	TRUE	TRUE	FALSE	Tier_A	CANDIDATE_NOT_CONFIRMED	REQUIRES_10X_DIAGNOSTICS	0.5	0.05	TRUE	DEPLETION_AND_Q20_LOSS	NA
Dbpht2	Region_4	Region_3	WITHIN_MOUSE_TECHNICAL_PAIR	0.146286904643155	1.12216819234684	-1.32767674673594	-0.0208676023655358	0.201413427561837	0.574134359277893	-0.372720931716056	TRUE	TRUE	FALSE	Tier_A	CANDIDATE_NOT_CONFIRMED	REQUIRES_10X_DIAGNOSTICS	0.5	0.05	TRUE	DEPLETION_AND_Q20_LOSS	NA
Dcdc2a	Region_2	Region_3	CROSS_MOUSE_DIAGNOSTIC_REFERENCE	1.2588789037536	0.89629279602863	0.333054659148058	-1.72975474529991e-05	0.555731225296443	0.678477690288714	-0.122746464992271	FALSE	TRUE	FALSE	Tier_A	CANDIDATE_NOT_CONFIRMED	REQUIRES_10X_DIAGNOSTICS	0.5	0.05	TRUE	Q20_LOSS_ONLY	NA
Dcdc2a	Region_4	Region_3	WITHIN_MOUSE_TECHNICAL_PAIR	0.0384003124688283	0.89629279602863	-1.37485034728102	-0.0183079171706897	0.0976645435244161	0.678477690288714	-0.580813146764298	TRUE	TRUE	FALSE	Tier_A	CANDIDATE_NOT_CONFIRMED	REQUIRES_10X_DIAGNOSTICS	0.5	0.05	TRUE	DEPLETION_AND_Q20_LOSS	NA
Dcpp2	Region_1	Region_3	CROSS_MOUSE_DIAGNOSTIC_REFERENCE	0.37590972385899	0.803179268291071	-0.57318146754991	-0.0123937411438999	0.865092748735245	0.883923029174426	-0.018830280439181	TRUE	FALSE	FALSE	Tier_A	CANDIDATE_NOT_CONFIRMED	REQUIRES_10X_DIAGNOSTICS	0.5	0.05	TRUE	DEPLETION_ONLY	NA
Dcpp2	Region_4	Region_3	WITHIN_MOUSE_TECHNICAL_PAIR	0.121600989484623	0.803179268291071	-1.06797485256544	-0.0146897365233895	0.663716814159292	0.883923029174426	-0.220206215015134	TRUE	TRUE	FALSE	Tier_A	CANDIDATE_NOT_CONFIRMED	REQUIRES_10X_DIAGNOSTICS	0.5	0.05	TRUE	DEPLETION_AND_Q20_LOSS	NA
Kdr	Region_2	Region_3	CROSS_MOUSE_DIAGNOSTIC_REFERENCE	10.7120377162433	18.9056505253465	-0.791428294053875	-0.088291506085544	0.896720904235499	0.658335682295092	0.238385221940407	TRUE	FALSE	FALSE	Tier_C	CANDIDATE_NOT_CONFIRMED	REQUIRES_10X_DIAGNOSTICS	0.5	0.05	TRUE	DEPLETION_ONLY	NA
Kl	Region_4	Region_3	WITHIN_MOUSE_TECHNICAL_PAIR	0.406860453538776	1.08552351368883	-0.806006800127476	-0.0144746616850032	0.363844393592677	0.611236680658702	-0.247392287066025	TRUE	TRUE	FALSE	Tier_A	CANDIDATE_NOT_CONFIRMED	REQUIRES_10X_DIAGNOSTICS	0.5	0.05	TRUE	DEPLETION_AND_Q20_LOSS	NA
Dnase1l3	Region_1	Region_3	CROSS_MOUSE_DIAGNOSTIC_REFERENCE	4.56531398976048	10.444334149969	-1.11146057705419	-0.0646306622065346	0.677087936367654	0.766254551274357	-0.0891666149067031	TRUE	TRUE	FALSE	Tier_C	CANDIDATE_NOT_CONFIRMED	REQUIRES_10X_DIAGNOSTICS	0.5	0.05	TRUE	DEPLETION_AND_Q20_LOSS	NA
Klra8	Region_1	Region_3	CROSS_MOUSE_DIAGNOSTIC_REFERENCE	3.4010493158646	7.62629828792457	-1.05873608523437	-0.0792640491819228	0.570284140693453	0.796975225092685	-0.226691084399232	TRUE	TRUE	FALSE	Tier_C	CANDIDATE_NOT_CONFIRMED	REQUIRES_10X_DIAGNOSTICS	0.5	0.05	TRUE	DEPLETION_AND_Q20_LOSS	NA
Sct	Region_4	Region_3	WITHIN_MOUSE_TECHNICAL_PAIR	0.022857328850493	0.114139163033137	-0.232148270677559	-0.00191253623238959	0.0762331838565022	0.325301204819277	-0.249068020962775	FALSE	TRUE	FALSE	Tier_C	CANDIDATE_NOT_CONFIRMED	REQUIRES_10X_DIAGNOSTICS	0.5	0.05	TRUE	Q20_LOSS_ONLY	NA
Kng2	Region_1	Region_3	CROSS_MOUSE_DIAGNOSTIC_REFERENCE	1.26818788049188	2.17465142199976	-0.597079304533544	-0.0286870683547384	0.813012048192771	0.787250237868697	0.025761810324074	TRUE	FALSE	FALSE	Tier_A	CANDIDATE_NOT_CONFIRMED	REQUIRES_10X_DIAGNOSTICS	0.5	0.05	TRUE	DEPLETION_ONLY	NA
Kng2	Region_2	Region_3	CROSS_MOUSE_DIAGNOSTIC_REFERENCE	2.19002516793888	2.17465142199976	0.00826878838677872	-0.0124056979198045	0.68489289740699	0.787250237868697	-0.102357340461707	FALSE	TRUE	FALSE	Tier_A	CANDIDATE_NOT_CONFIRMED	REQUIRES_10X_DIAGNOSTICS	0.5	0.05	TRUE	Q20_LOSS_ONLY	NA
Kng2	Region_4	Region_3	WITHIN_MOUSE_TECHNICAL_PAIR	0.473603853782216	2.17465142199976	-1.45794409860197	-0.0351322301288136	0.580989330746848	0.787250237868697	-0.206260907121849	TRUE	TRUE	FALSE	Tier_A	CANDIDATE_NOT_CONFIRMED	REQUIRES_10X_DIAGNOSTICS	0.5	0.05	TRUE	DEPLETION_AND_Q20_LOSS	NA
Krt13	Region_4	Region_3	WITHIN_MOUSE_TECHNICAL_PAIR	0.109715178482367	0.862651779555706	-1.16020956749359	-0.0160603824545118	0.790123456790123	0.868861929520508	-0.078738472730385	TRUE	TRUE	FALSE	Tier_A	CANDIDATE_NOT_CONFIRMED	REQUIRES_10X_DIAGNOSTICS	0.5	0.05	TRUE	DEPLETION_AND_Q20_LOSS	NA
Pmp22	Region_4	Region_3	WITHIN_MOUSE_TECHNICAL_PAIR	19.7898753187569	30.678804825996	-0.619805626647376	-0.046156139912482	0.920594076021593	0.809759715761327	0.110834360260266	TRUE	FALSE	FALSE	Tier_C	CANDIDATE_NOT_CONFIRMED	REQUIRES_10X_DIAGNOSTICS	0.5	0.05	TRUE	DEPLETION_ONLY	NA
Krt19	Region_4	Region_3	WITHIN_MOUSE_TECHNICAL_PAIR	0.748806093142152	1.55769920918381	-0.720482625439464	-0.0156196766990796	0.624309392265193	0.805815423514539	-0.181506031249346	TRUE	TRUE	FALSE	Tier_A	CANDIDATE_NOT_CONFIRMED	REQUIRES_10X_DIAGNOSTICS	0.5	0.05	TRUE	DEPLETION_AND_Q20_LOSS	NA
Dynlrb2	Region_2	Region_3	CROSS_MOUSE_DIAGNOSTIC_REFERENCE	1.49407526862027	1.54328163069541	-0.0351682011816405	-0.009630428757815	0.600729927007299	0.789256198347107	-0.188526271339808	FALSE	TRUE	FALSE	Tier_A	CANDIDATE_NOT_CONFIRMED	REQUIRES_10X_DIAGNOSTICS	0.5	0.05	TRUE	Q20_LOSS_ONLY	NA
Dynlrb2	Region_4	Region_3	WITHIN_MOUSE_TECHNICAL_PAIR	0.36114579583779	1.54328163069541	-1.24655864995533	-0.0243755475221935	0.490307867730901	0.789256198347107	-0.298948330616206	TRUE	TRUE	FALSE	Tier_A	CANDIDATE_NOT_CONFIRMED	REQUIRES_10X_DIAGNOSTICS	0.5	0.05	TRUE	DEPLETION_AND_Q20_LOSS	NA
Podxl	Region_4	Region_3	WITHIN_MOUSE_TECHNICAL_PAIR	20.4033660251041	19.941313246763	0.0322473903491465	-0.003321087000344	0.745508813425691	0.803064119538491	-0.0575553061128	FALSE	TRUE	FALSE	Tier_C	CANDIDATE_NOT_CONFIRMED	REQUIRES_10X_DIAGNOSTICS	0.5	0.05	TRUE	Q20_LOSS_ONLY	NA
Lamp3	Region_2	Region_3	CROSS_MOUSE_DIAGNOSTIC_REFERENCE	2.10230849087795	2.40292974806603	-0.157717662055147	-0.0183516861721118	0.65962984384037	0.766075388026608	-0.106445544186238	FALSE	TRUE	FALSE	Tier_A	CANDIDATE_NOT_CONFIRMED	REQUIRES_10X_DIAGNOSTICS	0.5	0.05	TRUE	Q20_LOSS_ONLY	NA
Lamp3	Region_4	Region_3	WITHIN_MOUSE_TECHNICAL_PAIR	0.137143973102958	2.40292974806603	-2.18781834367707	-0.0469230257519064	0.355704697986577	0.766075388026608	-0.410370690040031	TRUE	TRUE	FALSE	Tier_A	CANDIDATE_NOT_CONFIRMED	REQUIRES_10X_DIAGNOSTICS	0.5	0.05	TRUE	DEPLETION_AND_Q20_LOSS	NA
Ppargc1a	Region_2	Region_3	CROSS_MOUSE_DIAGNOSTIC_REFERENCE	4.07737960404114	6.22238658261699	-0.554451569522814	-0.0504458395043668	0.869047619047619	0.852580318745257	0.016467300302362	TRUE	FALSE	FALSE	Tier_A	CANDIDATE_NOT_CONFIRMED	REQUIRES_10X_DIAGNOSTICS	0.5	0.05	TRUE	DEPLETION_ONLY	NA
Lce1m	Region_1	Region_3	CROSS_MOUSE_DIAGNOSTIC_REFERENCE	0.120161207626632	0.22527466388119	-0.2258841667274	-0.00330458554153008	0.239766081871345	0.363392857142857	-0.123626775271512	FALSE	TRUE	FALSE	Tier_C	CANDIDATE_NOT_CONFIRMED	REQUIRES_10X_DIAGNOSTICS	0.5	0.05	TRUE	Q20_LOSS_ONLY	NA
Lce1m	Region_4	Region_3	WITHIN_MOUSE_TECHNICAL_PAIR	0.0932579017100116	0.22527466388119	-0.289868040859786	-0.00287088352071242	0.158376963350785	0.363392857142857	-0.205015893792072	FALSE	TRUE	FALSE	Tier_C	CANDIDATE_NOT_CONFIRMED	REQUIRES_10X_DIAGNOSTICS	0.5	0.05	TRUE	Q20_LOSS_ONLY	NA
Ppbp	Region_2	Region_3	CROSS_MOUSE_DIAGNOSTIC_REFERENCE	2.59294353070228	1.97580898534729	0.321080482285131	-0.0037514339816811	0.730913348946136	0.803385416666667	-0.0724720677205309	FALSE	TRUE	FALSE	Tier_C	CANDIDATE_NOT_CONFIRMED	REQUIRES_10X_DIAGNOSTICS	0.5	0.05	TRUE	Q20_LOSS_ONLY	NA
Lhx2	Region_4	Region_3	WITHIN_MOUSE_TECHNICAL_PAIR	0.509261286788985	2.34465870167543	-1.49495584942257	-0.0380491355889943	0.627225130890052	0.782053761361439	-0.154828630471387	TRUE	TRUE	FALSE	Tier_A	CANDIDATE_NOT_CONFIRMED	REQUIRES_10X_DIAGNOSTICS	0.5	0.05	TRUE	DEPLETION_AND_Q20_LOSS	NA
Epsti1	Region_4	Region_3	WITHIN_MOUSE_TECHNICAL_PAIR	11.9214684352632	30.1453544219254	-1.30283265457417	-0.138980134119145	0.753639569581336	0.821037373336798	-0.067397803755462	TRUE	TRUE	FALSE	Tier_A	CANDIDATE_NOT_CONFIRMED	REQUIRES_10X_DIAGNOSTICS	0.5	0.05	TRUE	DEPLETION_AND_Q20_LOSS	NA
Etv1	Region_1	Region_3	CROSS_MOUSE_DIAGNOSTIC_REFERENCE	3.73798783725009	5.32489232171433	-0.458851933244841	-0.0542212992839956	0.661290322580645	0.779310344827586	-0.118020022246941	FALSE	TRUE	FALSE	Tier_C	CANDIDATE_NOT_CONFIRMED	REQUIRES_10X_DIAGNOSTICS	0.5	0.05	TRUE	Q20_LOSS_ONLY	NA
Etv1	Region_4	Region_3	WITHIN_MOUSE_TECHNICAL_PAIR	4.77809602290707	5.32489232171433	-0.142213783074295	-0.0143248239620532	0.718713009792317	0.779310344827586	-0.060597335035269	FALSE	TRUE	FALSE	Tier_C	CANDIDATE_NOT_CONFIRMED	REQUIRES_10X_DIAGNOSTICS	0.5	0.05	TRUE	Q20_LOSS_ONLY	NA
Slc17a7	Region_1	Region_3	CROSS_MOUSE_DIAGNOSTIC_REFERENCE	1.23977137868829	0.961171899226413	0.251771822023371	-0.0046638722989408	0.592539964476021	0.732057416267943	-0.139517451791922	FALSE	TRUE	FALSE	Tier_A	CANDIDATE_NOT_CONFIRMED	REQUIRES_10X_DIAGNOSTICS	0.5	0.05	TRUE	Q20_LOSS_ONLY	NA
Prap1	Region_4	Region_3	WITHIN_MOUSE_TECHNICAL_PAIR	0.0786292112456961	0.550871644744138	-0.860875404268265	-0.0100551162804708	0.227722772277228	0.682142857142857	-0.454420084865629	TRUE	TRUE	FALSE	Tier_A	CANDIDATE_NOT_CONFIRMED	REQUIRES_10X_DIAGNOSTICS	0.5	0.05	TRUE	DEPLETION_AND_Q20_LOSS	NA
Fam183b	Region_1	Region_3	CROSS_MOUSE_DIAGNOSTIC_REFERENCE	0.502566131897872	0.87226349854797	-0.452860126967574	-0.0120779524306291	0.397796817625459	0.680698611733095	-0.282901794107636	FALSE	TRUE	FALSE	Tier_A	CANDIDATE_NOT_CONFIRMED	REQUIRES_10X_DIAGNOSTICS	0.5	0.05	TRUE	Q20_LOSS_ONLY	NA
Fam183b	Region_2	Region_3	CROSS_MOUSE_DIAGNOSTIC_REFERENCE	0.897409080700307	0.87226349854797	0.0261968896480243	-0.0050172992574931	0.549114331723027	0.680698611733095	-0.131584280010068	FALSE	TRUE	FALSE	Tier_A	CANDIDATE_NOT_CONFIRMED	REQUIRES_10X_DIAGNOSTICS	0.5	0.05	TRUE	Q20_LOSS_ONLY	NA
Fam183b	Region_4	Region_3	WITHIN_MOUSE_TECHNICAL_PAIR	0.13074392102482	0.87226349854797	-1.1214312287498	-0.0158667054192857	0.412820512820513	0.680698611733095	-0.267878098912582	TRUE	TRUE	FALSE	Tier_A	CANDIDATE_NOT_CONFIRMED	REQUIRES_10X_DIAGNOSTICS	0.5	0.05	TRUE	DEPLETION_AND_Q20_LOSS	NA
Fam25c	Region_1	Region_3	CROSS_MOUSE_DIAGNOSTIC_REFERENCE	0.0746948047408793	0.114139163033137	-0.0957695979955178	-0.00151122035671464	0.405737704918033	0.470319634703196	-0.064581929785163	FALSE	TRUE	FALSE	Tier_C	CANDIDATE_NOT_CONFIRMED	REQUIRES_10X_DIAGNOSTICS	0.5	0.05	TRUE	Q20_LOSS_ONLY	NA
Lum	Region_2	Region_3	CROSS_MOUSE_DIAGNOSTIC_REFERENCE	33.2918526629723	39.1497329203658	-0.230635698525285	-0.046435679790273	0.790478326068981	0.849580064455223	-0.059101738386242	FALSE	TRUE	FALSE	Tier_C	CANDIDATE_NOT_CONFIRMED	REQUIRES_10X_DIAGNOSTICS	0.5	0.05	TRUE	Q20_LOSS_ONLY	NA
Lum	Region_4	Region_3	WITHIN_MOUSE_TECHNICAL_PAIR	25.1476332013125	39.1497329203658	-0.628485449901052	-0.019719881040226	0.873834543579843	0.849580064455223	0.02425447912462	TRUE	FALSE	FALSE	Tier_C	CANDIDATE_NOT_CONFIRMED	REQUIRES_10X_DIAGNOSTICS	0.5	0.05	TRUE	DEPLETION_ONLY	NA
Ly6g6c	Region_4	Region_3	WITHIN_MOUSE_TECHNICAL_PAIR	0.583319032264583	1.74632919440699	-1.05211119459482	-0.0246098503539893	0.469871794871795	0.714386294297113	-0.244514499425318	TRUE	TRUE	FALSE	Tier_A	CANDIDATE_NOT_CONFIRMED	REQUIRES_10X_DIAGNOSTICS	0.5	0.05	TRUE	DEPLETION_AND_Q20_LOSS	NA
Prss3	Region_1	Region_3	CROSS_MOUSE_DIAGNOSTIC_REFERENCE	2.84165018035954	3.43919320191951	-0.237339463990829	-0.034952952584	0.528210944145166	0.775067058372717	-0.246856114227551	FALSE	TRUE	FALSE	Tier_A	CANDIDATE_NOT_CONFIRMED	REQUIRES_10X_DIAGNOSTICS	0.5	0.05	TRUE	Q20_LOSS_ONLY	NA
Fech	Region_1	Region_3	CROSS_MOUSE_DIAGNOSTIC_REFERENCE	30.379676128198	28.5786442261863	0.0866976153697169	-0.108136703948137	0.785510304726297	0.862930893644829	-0.077420588918532	FALSE	TRUE	FALSE	Tier_C	CANDIDATE_NOT_CONFIRMED	REQUIRES_10X_DIAGNOSTICS	0.5	0.05	TRUE	Q20_LOSS_ONLY	NA
Slc4a4	Region_1	Region_3	CROSS_MOUSE_DIAGNOSTIC_REFERENCE	8.64267604855065	13.8306628974311	-0.648416939248942	-0.104362759477075	0.928787116255662	0.828503926064902	0.10028319019076	TRUE	FALSE	FALSE	Tier_C	CANDIDATE_NOT_CONFIRMED	REQUIRES_10X_DIAGNOSTICS	0.5	0.05	TRUE	DEPLETION_ONLY	NA
Slc4a4	Region_2	Region_3	CROSS_MOUSE_DIAGNOSTIC_REFERENCE	6.71948303067867	13.8306628974311	-0.989137908185945	-0.111216296794221	0.838602880317828	0.828503926064902	0.0100989542529261	TRUE	FALSE	FALSE	Tier_C	CANDIDATE_NOT_CONFIRMED	REQUIRES_10X_DIAGNOSTICS	0.5	0.05	TRUE	DEPLETION_ONLY	NA
Psmb8	Region_1	Region_3	CROSS_MOUSE_DIAGNOSTIC_REFERENCE	24.7653872718591	39.9649268373972	-0.679509693019635	-0.260437694993797	0.716499144719171	0.804456784623218	-0.087957639904047	TRUE	TRUE	FALSE	Unranked	CANDIDATE_NOT_CONFIRMED	REQUIRES_10X_DIAGNOSTICS	0.5	0.05	TRUE	DEPLETION_AND_Q20_LOSS	NA
Mamdc2	Region_2	Region_3	CROSS_MOUSE_DIAGNOSTIC_REFERENCE	4.95743813323489	5.04975686556077	-0.0242006978955029	-0.0196712142766668	0.710743801652893	0.823912864097698	-0.113169062444805	FALSE	TRUE	FALSE	Tier_C	CANDIDATE_NOT_CONFIRMED	REQUIRES_10X_DIAGNOSTICS	0.5	0.05	TRUE	Q20_LOSS_ONLY	NA
Fxyd3	Region_2	Region_3	CROSS_MOUSE_DIAGNOSTIC_REFERENCE	1.75240570216236	1.1245711220949	0.4714078035237	0.0006773636085445	0.619827053736875	0.691239669421488	-0.071412615684613	FALSE	TRUE	FALSE	Tier_A	CANDIDATE_NOT_CONFIRMED	REQUIRES_10X_DIAGNOSTICS	0.5	0.05	TRUE	Q20_LOSS_ONLY	NA
Fxyd3	Region_4	Region_3	WITHIN_MOUSE_TECHNICAL_PAIR	0.325488362831021	1.1245711220949	-0.976739122523428	-0.0169173236383671	0.578296703296703	0.691239669421488	-0.112942966124785	TRUE	TRUE	FALSE	Tier_A	CANDIDATE_NOT_CONFIRMED	REQUIRES_10X_DIAGNOSTICS	0.5	0.05	TRUE	DEPLETION_AND_Q20_LOSS	NA
Fxyd4	Region_1	Region_3	CROSS_MOUSE_DIAGNOSTIC_REFERENCE	2.08333553222931	2.42335465092459	-0.178389824694491	-0.0241991442812357	0.63780834914611	0.717957446808511	-0.0801490976624011	FALSE	TRUE	FALSE	Tier_A	CANDIDATE_NOT_CONFIRMED	REQUIRES_10X_DIAGNOSTICS	0.5	0.05	TRUE	Q20_LOSS_ONLY	NA
Fxyd4	Region_2	Region_3	CROSS_MOUSE_DIAGNOSTIC_REFERENCE	2.35774716583561	2.42335465092459	-0.0327465801925174	-0.0161958141888934	0.655659188303504	0.717957446808511	-0.062298258505007	FALSE	TRUE	FALSE	Tier_A	CANDIDATE_NOT_CONFIRMED	REQUIRES_10X_DIAGNOSTICS	0.5	0.05	TRUE	Q20_LOSS_ONLY	NA
Fxyd4	Region_4	Region_3	WITHIN_MOUSE_TECHNICAL_PAIR	0.308116792904646	2.42335465092459	-1.85498914401397	-0.044425704734523	0.3225	0.717957446808511	-0.395457446808511	TRUE	TRUE	FALSE	Tier_A	CANDIDATE_NOT_CONFIRMED	REQUIRES_10X_DIAGNOSTICS	0.5	0.05	TRUE	DEPLETION_AND_Q20_LOSS	NA
Sox17	Region_2	Region_3	CROSS_MOUSE_DIAGNOSTIC_REFERENCE	2.61993327749026	5.05936858455303	-0.833405859408842	-0.0535893286623371	0.895902883156297	0.811731742588576	0.0841711405677209	TRUE	FALSE	FALSE	Tier_C	CANDIDATE_NOT_CONFIRMED	REQUIRES_10X_DIAGNOSTICS	0.5	0.05	TRUE	DEPLETION_ONLY	NA
Mettl7a2	Region_2	Region_3	CROSS_MOUSE_DIAGNOSTIC_REFERENCE	19.9020464975502	22.3977081817235	-0.166489333090849	-0.078982281440663	0.722280529505366	0.801189237095129	-0.078908707589763	FALSE	TRUE	FALSE	Tier_C	CANDIDATE_NOT_CONFIRMED	REQUIRES_10X_DIAGNOSTICS	0.5	0.05	TRUE	Q20_LOSS_ONLY	NA
Gabrp	Region_4	Region_3	WITHIN_MOUSE_TECHNICAL_PAIR	0.127086748408741	0.616351480378937	-0.832054389494195	-0.0105615553694341	0.302605210420842	0.509281294621609	-0.206676084200767	TRUE	TRUE	FALSE	Tier_A	CANDIDATE_NOT_CONFIRMED	REQUIRES_10X_DIAGNOSTICS	0.5	0.05	TRUE	DEPLETION_AND_Q20_LOSS	NA
Gad1	Region_1	Region_3	CROSS_MOUSE_DIAGNOSTIC_REFERENCE	1.80404191450254	1.89170644416498	-0.053873363214361	-0.0166427459228324	0.406753513884128	0.595131555396456	-0.188378041512328	FALSE	TRUE	FALSE	Tier_A	CANDIDATE_NOT_CONFIRMED	REQUIRES_10X_DIAGNOSTICS	0.5	0.05	TRUE	Q20_LOSS_ONLY	NA
Gad1	Region_4	Region_3	WITHIN_MOUSE_TECHNICAL_PAIR	0.403203280922697	1.89170644416498	-1.40491769346673	-0.031368697863111	0.371824480369515	0.595131555396456	-0.223307075026941	TRUE	TRUE	FALSE	Tier_A	CANDIDATE_NOT_CONFIRMED	REQUIRES_10X_DIAGNOSTICS	0.5	0.05	TRUE	DEPLETION_AND_Q20_LOSS	NA
Gamt	Region_4	Region_3	WITHIN_MOUSE_TECHNICAL_PAIR	4.0192327050707	3.30943499552394	0.246500809217687	0.0129488056918522	0.711075918044145	0.813861386138614	-0.102785468094469	FALSE	TRUE	FALSE	Tier_C	CANDIDATE_NOT_CONFIRMED	REQUIRES_10X_DIAGNOSTICS	0.5	0.05	TRUE	Q20_LOSS_ONLY	NA
Gap43	Region_4	Region_3	WITHIN_MOUSE_TECHNICAL_PAIR	3.04185332342361	2.57533995748977	0.203758568699521	0.00161606514688069	0.738095238095238	0.795614633037946	-0.057519394942708	FALSE	TRUE	FALSE	Tier_C	CANDIDATE_NOT_CONFIRMED	REQUIRES_10X_DIAGNOSTICS	0.5	0.05	TRUE	Q20_LOSS_ONLY	NA
Gatm	Region_1	Region_3	CROSS_MOUSE_DIAGNOSTIC_REFERENCE	3.31092841014463	6.50773449019983	-0.878805608203489	-0.0494078332520535	0.867906831327185	0.841810475325462	0.026096356001723	TRUE	FALSE	FALSE	Tier_C	CANDIDATE_NOT_CONFIRMED	REQUIRES_10X_DIAGNOSTICS	0.5	0.05	TRUE	DEPLETION_ONLY	NA
Gatm	Region_2	Region_3	CROSS_MOUSE_DIAGNOSTIC_REFERENCE	4.82827291646384	6.50773449019983	-0.395280135218001	-0.0300012961318071	0.667182512815553	0.841810475325462	-0.174627962509909	FALSE	TRUE	FALSE	Tier_C	CANDIDATE_NOT_CONFIRMED	REQUIRES_10X_DIAGNOSTICS	0.5	0.05	TRUE	Q20_LOSS_ONLY	NA
Gc	Region_2	Region_3	CROSS_MOUSE_DIAGNOSTIC_REFERENCE	0.57931563641341	1.16962605487114	-0.629408189280769	-0.0161195031560521	0.951895043731778	0.944121591417076	0.00777345231470206	TRUE	FALSE	FALSE	Tier_A	CANDIDATE_NOT_CONFIRMED	REQUIRES_10X_DIAGNOSTICS	0.5	0.05	TRUE	DEPLETION_ONLY	NA
Gc	Region_4	Region_3	WITHIN_MOUSE_TECHNICAL_PAIR	0.121600989484623	1.16962605487114	-1.42546431396139	-0.0224644761402685	0.814814814814815	0.944121591417076	-0.129306776602261	TRUE	TRUE	FALSE	Tier_A	CANDIDATE_NOT_CONFIRMED	REQUIRES_10X_DIAGNOSTICS	0.5	0.05	TRUE	DEPLETION_AND_Q20_LOSS	NA
Gfap	Region_1	Region_3	CROSS_MOUSE_DIAGNOSTIC_REFERENCE	2.58265406392105	3.25536907619246	-0.284781703215683	-0.0344981456589309	0.493450431676094	0.812663374963694	-0.3192129432876	FALSE	TRUE	FALSE	Tier_A	CANDIDATE_NOT_CONFIRMED	REQUIRES_10X_DIAGNOSTICS	0.5	0.05	TRUE	Q20_LOSS_ONLY	NA
Gfap	Region_2	Region_3	CROSS_MOUSE_DIAGNOSTIC_REFERENCE	2.29316455745009	3.25536907619246	-0.427054130657588	-0.0331689302703928	0.69082391843483	0.812663374963694	-0.121839456528864	FALSE	TRUE	FALSE	Tier_A	CANDIDATE_NOT_CONFIRMED	REQUIRES_10X_DIAGNOSTICS	0.5	0.05	TRUE	Q20_LOSS_ONLY	NA
Gfap	Region_4	Region_3	WITHIN_MOUSE_TECHNICAL_PAIR	0.856692685316479	3.25536907619246	-1.46886074016882	-0.0494118286638387	0.525634106853751	0.812663374963694	-0.287029268109943	TRUE	TRUE	FALSE	Tier_A	CANDIDATE_NOT_CONFIRMED	REQUIRES_10X_DIAGNOSTICS	0.5	0.05	TRUE	DEPLETION_AND_Q20_LOSS	NA
Gjb4	Region_4	Region_3	WITHIN_MOUSE_TECHNICAL_PAIR	0.303545327134548	0.949157250486083	-0.850762840453692	-0.0140018042929384	0.526315789473684	0.627647285329226	-0.101331495855542	TRUE	TRUE	FALSE	Tier_A	CANDIDATE_NOT_CONFIRMED	REQUIRES_10X_DIAGNOSTICS	0.5	0.05	TRUE	DEPLETION_AND_Q20_LOSS	NA
Gm94	Region_4	Region_3	WITHIN_MOUSE_TECHNICAL_PAIR	0.181030044495905	0.735296502908206	-0.859067016204701	-0.0119304453110622	0.274358974358974	0.711632987438558	-0.437274013079584	TRUE	TRUE	FALSE	Tier_A	CANDIDATE_NOT_CONFIRMED	REQUIRES_10X_DIAGNOSTICS	0.5	0.05	TRUE	DEPLETION_AND_Q20_LOSS	NA
Gng11	Region_1	Region_3	CROSS_MOUSE_DIAGNOSTIC_REFERENCE	4.15043306342799	14.2007140786332	-1.66044925879974	-0.152489031390681	0.847057427622212	0.829899805745834	0.017157621876378	TRUE	FALSE	FALSE	Tier_A	CANDIDATE_NOT_CONFIRMED	REQUIRES_10X_DIAGNOSTICS	0.5	0.05	TRUE	DEPLETION_ONLY	NA
Gng11	Region_2	Region_3	CROSS_MOUSE_DIAGNOSTIC_REFERENCE	3.9048380085037	14.2007140786332	-1.73872536588421	-0.144057283427946	0.451301527019543	0.829899805745834	-0.378598278726291	TRUE	TRUE	FALSE	Tier_A	CANDIDATE_NOT_CONFIRMED	REQUIRES_10X_DIAGNOSTICS	0.5	0.05	TRUE	DEPLETION_AND_Q20_LOSS	NA
Gng11	Region_4	Region_3	WITHIN_MOUSE_TECHNICAL_PAIR	7.50451820819388	14.2007140786332	-0.876999760156938	-0.076858623784341	0.53725753792971	0.829899805745834	-0.292642267816124	TRUE	TRUE	FALSE	Tier_A	CANDIDATE_NOT_CONFIRMED	REQUIRES_10X_DIAGNOSTICS	0.5	0.05	TRUE	DEPLETION_AND_Q20_LOSS	NA
Gp2	Region_4	Region_3	WITHIN_MOUSE_TECHNICAL_PAIR	0.317259724444844	1.53907650363629	-1.31904936090052	-0.0259008578585464	0.611801242236025	0.692577733199599	-0.0807764909635741	TRUE	TRUE	FALSE	Tier_A	CANDIDATE_NOT_CONFIRMED	REQUIRES_10X_DIAGNOSTICS	0.5	0.05	TRUE	DEPLETION_AND_Q20_LOSS	NA
Gpa33	Region_4	Region_3	WITHIN_MOUSE_TECHNICAL_PAIR	0.160915595107471	1.15220481419766	-1.32185459691715	-0.0213350929117113	0.571428571428571	0.720014069644741	-0.14858549821617	TRUE	TRUE	FALSE	Tier_A	CANDIDATE_NOT_CONFIRMED	REQUIRES_10X_DIAGNOSTICS	0.5	0.05	TRUE	DEPLETION_AND_Q20_LOSS	NA
Gpihbp1	Region_1	Region_3	CROSS_MOUSE_DIAGNOSTIC_REFERENCE	10.4588964638262	25.8501174972574	-1.2657068654946	-0.13172178260426	0.817431613264734	0.76728721538699	0.0501443978777441	TRUE	FALSE	FALSE	Tier_C	CANDIDATE_NOT_CONFIRMED	REQUIRES_10X_DIAGNOSTICS	0.5	0.05	TRUE	DEPLETION_ONLY	NA
Gpx2	Region_4	Region_3	WITHIN_MOUSE_TECHNICAL_PAIR	0.374860193148086	2.16023384351136	-1.60442867815704	-0.0376174661298649	0.693997071742313	0.716229162674842	-0.0222320909325291	TRUE	FALSE	FALSE	Tier_C	CANDIDATE_NOT_CONFIRMED	REQUIRES_10X_DIAGNOSTICS	0.5	0.05	TRUE	DEPLETION_ONLY	NA
Gpx6	Region_4	Region_3	WITHIN_MOUSE_TECHNICAL_PAIR	0.579661859648504	1.64600687742523	-0.991075155523179	-0.0223315208189218	0.473650793650794	0.735097699727925	-0.261446906077131	TRUE	TRUE	FALSE	Tier_A	CANDIDATE_NOT_CONFIRMED	REQUIRES_10X_DIAGNOSTICS	0.5	0.05	TRUE	DEPLETION_AND_Q20_LOSS	NA
Mustn1	Region_2	Region_3	CROSS_MOUSE_DIAGNOSTIC_REFERENCE	9.08590547226755	9.79854678017626	-0.103454155654192	-0.0448109071612408	0.607166299857137	0.75165072508485	-0.144484425227713	FALSE	TRUE	FALSE	Tier_C	CANDIDATE_NOT_CONFIRMED	REQUIRES_10X_DIAGNOSTICS	0.5	0.05	TRUE	Q20_LOSS_ONLY	NA
Mustn1	Region_4	Region_3	WITHIN_MOUSE_TECHNICAL_PAIR	9.8697945976429	9.79854678017626	0.00994654367366339	-0.00506812442725499	0.56992337164751	0.75165072508485	-0.18172735343734	FALSE	TRUE	FALSE	Tier_C	CANDIDATE_NOT_CONFIRMED	REQUIRES_10X_DIAGNOSTICS	0.5	0.05	TRUE	Q20_LOSS_ONLY	NA
Retn	Region_4	Region_3	WITHIN_MOUSE_TECHNICAL_PAIR	64.0462354390815	104.108132799835	-0.696590158723531	-0.050518189936283	0.792295093154985	0.845728861895596	-0.053433768740611	TRUE	TRUE	FALSE	Tier_A	CANDIDATE_NOT_CONFIRMED	REQUIRES_10X_DIAGNOSTICS	0.5	0.05	TRUE	DEPLETION_AND_Q20_LOSS	NA
Hap1	Region_2	Region_3	CROSS_MOUSE_DIAGNOSTIC_REFERENCE	1.2039354906495	2.39211656419974	-0.763254982450216	-0.0252818707326562	0.777901166018878	0.642857142857143	0.135044023161735	TRUE	FALSE	FALSE	Tier_C	CANDIDATE_NOT_CONFIRMED	REQUIRES_10X_DIAGNOSTICS	0.5	0.05	TRUE	DEPLETION_ONLY	NA
Myf6	Region_4	Region_3	WITHIN_MOUSE_TECHNICAL_PAIR	0.234973340583069	1.18224143604849	-1.19462095102933	-0.0201321485549534	0.503649635036496	0.703991880920162	-0.200342245883666	TRUE	TRUE	FALSE	Tier_A	CANDIDATE_NOT_CONFIRMED	REQUIRES_10X_DIAGNOSTICS	0.5	0.05	TRUE	DEPLETION_AND_Q20_LOSS	NA
Myh11	Region_1	Region_3	CROSS_MOUSE_DIAGNOSTIC_REFERENCE	9.93440903053694	14.7527871882514	-0.54772400135558	-0.0575361280638924	0.689395859738065	0.814324116743472	-0.124928257005407	TRUE	TRUE	FALSE	Tier_C	CANDIDATE_NOT_CONFIRMED	REQUIRES_10X_DIAGNOSTICS	0.5	0.05	TRUE	DEPLETION_AND_Q20_LOSS	NA
Myh11	Region_2	Region_3	CROSS_MOUSE_DIAGNOSTIC_REFERENCE	13.0215889056718	14.7527871882514	-0.173808203880484	-0.0306780732162378	0.743305029392554	0.814324116743472	-0.071019087350918	FALSE	TRUE	FALSE	Tier_C	CANDIDATE_NOT_CONFIRMED	REQUIRES_10X_DIAGNOSTICS	0.5	0.05	TRUE	Q20_LOSS_ONLY	NA
Myh11	Region_4	Region_3	WITHIN_MOUSE_TECHNICAL_PAIR	6.95685660893606	14.7527871882514	-1.0324333901158	-0.0427278459998314	0.798505603985056	0.814324116743472	-0.0158185127584161	TRUE	FALSE	FALSE	Tier_C	CANDIDATE_NOT_CONFIRMED	REQUIRES_10X_DIAGNOSTICS	0.5	0.05	TRUE	DEPLETION_ONLY	NA
Myl9	Region_4	Region_3	WITHIN_MOUSE_TECHNICAL_PAIR	8.45629738152841	11.1832350474993	-0.383465470015545	-0.007411075840564	0.650308324768756	0.805842028633827	-0.155533703865071	FALSE	TRUE	FALSE	Tier_C	CANDIDATE_NOT_CONFIRMED	REQUIRES_10X_DIAGNOSTICS	0.5	0.05	TRUE	Q20_LOSS_ONLY	NA
Higd1b	Region_2	Region_3	CROSS_MOUSE_DIAGNOSTIC_REFERENCE	0.938857620410418	1.36426336446449	-0.373681844075492	-0.0122532179643546	0.552899287894201	0.692744991878722	-0.139845703984521	FALSE	TRUE	FALSE	Tier_C	CANDIDATE_NOT_CONFIRMED	REQUIRES_10X_DIAGNOSTICS	0.5	0.05	TRUE	Q20_LOSS_ONLY	NA
Hmgcs2	Region_1	Region_3	CROSS_MOUSE_DIAGNOSTIC_REFERENCE	9.53170660497742	9.79794604773925	-0.0377895571047847	-0.0468851766733109	0.58295395421436	0.836904976289093	-0.253951022074733	FALSE	TRUE	FALSE	Tier_A	CANDIDATE_NOT_CONFIRMED	REQUIRES_10X_DIAGNOSTICS	0.5	0.05	TRUE	Q20_LOSS_ONLY	NA
Hmgcs2	Region_4	Region_3	WITHIN_MOUSE_TECHNICAL_PAIR	6.27662250234539	9.79794604773925	-0.603718304583132	-0.0415642456954863	0.544775380961805	0.836904976289093	-0.292129595327288	TRUE	TRUE	FALSE	Tier_A	CANDIDATE_NOT_CONFIRMED	REQUIRES_10X_DIAGNOSTICS	0.5	0.05	TRUE	DEPLETION_AND_Q20_LOSS	NA
Myoz1	Region_4	Region_3	WITHIN_MOUSE_TECHNICAL_PAIR	0.191087269190122	0.649992496851862	-0.734684640284425	-0.00976341694534991	0.645892351274788	0.628969359331476	0.0169229919433119	TRUE	FALSE	FALSE	Tier_C	CANDIDATE_NOT_CONFIRMED	REQUIRES_10X_DIAGNOSTICS	0.5	0.05	TRUE	DEPLETION_ONLY	NA
Myoz2	Region_1	Region_3	CROSS_MOUSE_DIAGNOSTIC_REFERENCE	0.473337730042746	1.16662239268606	-0.775914884081667	-0.0189055801368644	0.721445221445221	0.716532680880811	0.00491254056441004	TRUE	FALSE	FALSE	Tier_A	CANDIDATE_NOT_CONFIRMED	REQUIRES_10X_DIAGNOSTICS	0.5	0.05	TRUE	DEPLETION_ONLY	NA
Myoz2	Region_4	Region_3	WITHIN_MOUSE_TECHNICAL_PAIR	0.241373392661207	1.16662239268606	-1.16865502539732	-0.0198944472700799	0.477891156462585	0.716532680880811	-0.238641524418226	TRUE	TRUE	FALSE	Tier_A	CANDIDATE_NOT_CONFIRMED	REQUIRES_10X_DIAGNOSTICS	0.5	0.05	TRUE	DEPLETION_AND_Q20_LOSS	NA
Hpgd	Region_4	Region_3	WITHIN_MOUSE_TECHNICAL_PAIR	7.68371966638174	7.56322138203784	0.0214003933865239	0.007143760772487	0.753673604030468	0.828792158165808	-0.07511855413534	FALSE	TRUE	FALSE	Tier_C	CANDIDATE_NOT_CONFIRMED	REQUIRES_10X_DIAGNOSTICS	0.5	0.05	TRUE	Q20_LOSS_ONLY	NA
Hpx	Region_1	Region_3	CROSS_MOUSE_DIAGNOSTIC_REFERENCE	0.474961530145808	0.881274485103217	-0.50258283910261	-0.012616197063782	0.967503692762186	0.915599534342258	0.0519041584199279	TRUE	FALSE	FALSE	Tier_C	CANDIDATE_NOT_CONFIRMED	REQUIRES_10X_DIAGNOSTICS	0.5	0.05	TRUE	DEPLETION_ONLY	NA
Hpx	Region_4	Region_3	WITHIN_MOUSE_TECHNICAL_PAIR	0.119772403176584	0.881274485103217	-1.15618961652455	-0.0162633576280614	0.909502262443439	0.915599534342258	-0.00609727189881903	TRUE	FALSE	FALSE	Tier_C	CANDIDATE_NOT_CONFIRMED	REQUIRES_10X_DIAGNOSTICS	0.5	0.05	TRUE	DEPLETION_ONLY	NA
Hrc	Region_1	Region_3	CROSS_MOUSE_DIAGNOSTIC_REFERENCE	2.41865025351173	2.56212384387541	-0.0692312913012452	-0.0218915252840641	0.749273255813954	0.830003699593045	-0.080730443779091	FALSE	TRUE	FALSE	Tier_A	CANDIDATE_NOT_CONFIRMED	REQUIRES_10X_DIAGNOSTICS	0.5	0.05	TRUE	Q20_LOSS_ONLY	NA
Hrc	Region_4	Region_3	WITHIN_MOUSE_TECHNICAL_PAIR	0.507432700480946	2.56212384387541	-1.60384916643796	-0.0426912485420389	0.428186109238031	0.830003699593045	-0.401817590355014	TRUE	TRUE	FALSE	Tier_A	CANDIDATE_NOT_CONFIRMED	REQUIRES_10X_DIAGNOSTICS	0.5	0.05	TRUE	DEPLETION_AND_Q20_LOSS	NA
Hrg	Region_4	Region_3	WITHIN_MOUSE_TECHNICAL_PAIR	0.122515282638643	0.992409985951271	-1.26146275796748	-0.0188047523337952	0.208173690932312	0.573368665120901	-0.365194974188589	TRUE	TRUE	FALSE	Tier_A	CANDIDATE_NOT_CONFIRMED	REQUIRES_10X_DIAGNOSTICS	0.5	0.05	TRUE	DEPLETION_AND_Q20_LOSS	NA
Hsd11b2	Region_1	Region_3	CROSS_MOUSE_DIAGNOSTIC_REFERENCE	1.28199018136792	2.50265133261077	-0.752747571364596	-0.0284705598016855	0.872224962999507	0.794977096825146	0.0772478661743611	TRUE	FALSE	FALSE	Tier_A	CANDIDATE_NOT_CONFIRMED	REQUIRES_10X_DIAGNOSTICS	0.5	0.05	TRUE	DEPLETION_ONLY	NA
Ncf4	Region_4	Region_3	WITHIN_MOUSE_TECHNICAL_PAIR	2.92025233393899	18.1883759955488	-2.44996653451022	-0.182116810728301	0.576307212696613	0.811769050843285	-0.235461838146672	TRUE	TRUE	FALSE	Tier_A	CANDIDATE_NOT_CONFIRMED	REQUIRES_10X_DIAGNOSTICS	0.5	0.05	TRUE	DEPLETION_AND_Q20_LOSS	NA
Hsd11b2	Region_4	Region_3	WITHIN_MOUSE_TECHNICAL_PAIR	1.33303941856075	2.50265133261077	-0.711999148485985	-0.0227675756741292	0.6732223903177	0.794977096825146	-0.121754706507446	TRUE	TRUE	FALSE	Tier_A	CANDIDATE_NOT_CONFIRMED	REQUIRES_10X_DIAGNOSTICS	0.5	0.05	TRUE	DEPLETION_AND_Q20_LOSS	NA
Ndufa4l2	Region_2	Region_3	CROSS_MOUSE_DIAGNOSTIC_REFERENCE	5.84231626006934	16.4714826905556	-1.42003088503808	-0.164094423888123	0.907010812696198	0.818881651298537	0.088129161397661	TRUE	FALSE	FALSE	Tier_C	CANDIDATE_NOT_CONFIRMED	REQUIRES_10X_DIAGNOSTICS	0.5	0.05	TRUE	DEPLETION_ONLY	NA
Ndufa4l2	Region_4	Region_3	WITHIN_MOUSE_TECHNICAL_PAIR	16.2232177249259	16.4714826905556	-0.0212601454856698	-0.005415339763917	0.560359756438188	0.818881651298537	-0.258521894860349	FALSE	TRUE	FALSE	Tier_C	CANDIDATE_NOT_CONFIRMED	REQUIRES_10X_DIAGNOSTICS	0.5	0.05	TRUE	Q20_LOSS_ONLY	NA
Igfbp6	Region_1	Region_3	CROSS_MOUSE_DIAGNOSTIC_REFERENCE	17.9551696396146	42.2417027736898	-1.21161938535785	-0.06827750998046	0.922510226229235	0.853588224353695	0.06892200187554	TRUE	FALSE	FALSE	Tier_C	CANDIDATE_NOT_CONFIRMED	REQUIRES_10X_DIAGNOSTICS	0.5	0.05	TRUE	DEPLETION_ONLY	NA
Ndufs8	Region_2	Region_3	CROSS_MOUSE_DIAGNOSTIC_REFERENCE	13.6230746912325	29.8582043170315	-1.10403225058283	-0.232599705079794	0.938744820211202	0.850499245376331	0.0882455748348709	TRUE	FALSE	FALSE	Tier_C	CANDIDATE_NOT_CONFIRMED	REQUIRES_10X_DIAGNOSTICS	0.5	0.05	TRUE	DEPLETION_ONLY	NA
Try10	Region_1	Region_3	CROSS_MOUSE_DIAGNOSTIC_REFERENCE	1.25844507987351	2.44317882134614	-0.74307492294134	-0.035073699207346	0.734513274336283	0.789270622818299	-0.054757348482016	TRUE	TRUE	FALSE	Tier_A	CANDIDATE_NOT_CONFIRMED	REQUIRES_10X_DIAGNOSTICS	0.5	0.05	TRUE	DEPLETION_AND_Q20_LOSS	NA
Try10	Region_2	Region_3	CROSS_MOUSE_DIAGNOSTIC_REFERENCE	2.53896403712632	2.44317882134614	0.0462044021624437	-0.0131516201826454	0.734042553191489	0.789270622818299	-0.0552280696268099	FALSE	TRUE	FALSE	Tier_A	CANDIDATE_NOT_CONFIRMED	REQUIRES_10X_DIAGNOSTICS	0.5	0.05	TRUE	Q20_LOSS_ONLY	NA
Try10	Region_4	Region_3	WITHIN_MOUSE_TECHNICAL_PAIR	0.299888154518469	2.44317882134614	-1.87950500769335	-0.0450389808610512	0.389189189189189	0.789270622818299	-0.40008143362911	TRUE	TRUE	FALSE	Tier_A	CANDIDATE_NOT_CONFIRMED	REQUIRES_10X_DIAGNOSTICS	0.5	0.05	TRUE	DEPLETION_AND_Q20_LOSS	NA
Ppbp	Region_1	Region_3	CROSS_MOUSE_DIAGNOSTIC_REFERENCE	1.21135487688469	1.97580898534729	-0.532761054624888	-0.0264511827746926	0.764978902953587	0.803385416666667	-0.03840651371308	TRUE	FALSE	FALSE	Tier_C	CANDIDATE_NOT_CONFIRMED	REQUIRES_10X_DIAGNOSTICS	0.5	0.05	TRUE	DEPLETION_ONLY	NA
Insm1	Region_1	Region_3	CROSS_MOUSE_DIAGNOSTIC_REFERENCE	0.884971056169113	1.03806565116453	-0.151261258543102	-0.0096852878732007	0.341412947088383	0.557352043929225	-0.215939096840842	FALSE	TRUE	FALSE	Tier_C	CANDIDATE_NOT_CONFIRMED	REQUIRES_10X_DIAGNOSTICS	0.5	0.05	TRUE	Q20_LOSS_ONLY	NA
Insm1	Region_4	Region_3	WITHIN_MOUSE_TECHNICAL_PAIR	0.672005468204495	1.03806565116453	-0.392137784024722	-0.0064705374717629	0.3974609375	0.557352043929225	-0.159891106429225	FALSE	TRUE	FALSE	Tier_C	CANDIDATE_NOT_CONFIRMED	REQUIRES_10X_DIAGNOSTICS	0.5	0.05	TRUE	Q20_LOSS_ONLY	NA
Isca1	Region_1	Region_3	CROSS_MOUSE_DIAGNOSTIC_REFERENCE	25.8817498427147	38.9274619186697	-0.579660583680798	-0.226055318658888	0.747057611578974	0.832991375052244	-0.08593376347327	TRUE	TRUE	FALSE	Unranked	CANDIDATE_NOT_CONFIRMED	REQUIRES_10X_DIAGNOSTICS	0.5	0.05	TRUE	DEPLETION_AND_Q20_LOSS	NA
Isg20	Region_1	Region_3	CROSS_MOUSE_DIAGNOSTIC_REFERENCE	0.711224445141415	1.16902532243412	-0.462539615968947	-0.0152852792818544	0.584749455337691	0.747749881572714	-0.163000426235023	FALSE	TRUE	FALSE	Tier_C	CANDIDATE_NOT_CONFIRMED	REQUIRES_10X_DIAGNOSTICS	0.5	0.05	TRUE	Q20_LOSS_ONLY	NA
Isg20	Region_2	Region_3	CROSS_MOUSE_DIAGNOSTIC_REFERENCE	0.574496038772699	1.16902532243412	-0.635345679270984	-0.0158422170017121	0.582941176470588	0.747749881572714	-0.164808705102126	TRUE	TRUE	FALSE	Tier_C	CANDIDATE_NOT_CONFIRMED	REQUIRES_10X_DIAGNOSTICS	0.5	0.05	TRUE	DEPLETION_AND_Q20_LOSS	NA
S100a14	Region_4	Region_3	WITHIN_MOUSE_TECHNICAL_PAIR	0.934407603408156	2.04309101829314	-0.826128056935257	-0.0233410005437708	0.676064787042591	0.789006708504653	-0.112941921462062	TRUE	TRUE	FALSE	Tier_A	CANDIDATE_NOT_CONFIRMED	REQUIRES_10X_DIAGNOSTICS	0.5	0.05	TRUE	DEPLETION_AND_Q20_LOSS	NA
Itga8	Region_4	Region_3	WITHIN_MOUSE_TECHNICAL_PAIR	0.862178444240598	1.56430726599099	-0.599742020028791	-0.0132587149493098	0.650573325286663	0.693145710394916	-0.042572385108253	TRUE	FALSE	FALSE	Tier_C	CANDIDATE_NOT_CONFIRMED	REQUIRES_10X_DIAGNOSTICS	0.5	0.05	TRUE	DEPLETION_ONLY	NA
Nts	Region_4	Region_3	WITHIN_MOUSE_TECHNICAL_PAIR	0.371203020532007	1.09393376780706	-0.871510821635148	-0.0145527510322023	0.657060518731988	0.733703703703704	-0.076643184971716	TRUE	TRUE	FALSE	Tier_A	CANDIDATE_NOT_CONFIRMED	REQUIRES_10X_DIAGNOSTICS	0.5	0.05	TRUE	DEPLETION_AND_Q20_LOSS	NA
Ucma	Region_4	Region_3	WITHIN_MOUSE_TECHNICAL_PAIR	0.249602031047384	1.31199964244405	-1.27338590360334	-0.0224473154170769	0.53551912568306	0.760013240648792	-0.224494114965732	TRUE	TRUE	FALSE	Tier_A	CANDIDATE_NOT_CONFIRMED	REQUIRES_10X_DIAGNOSTICS	0.5	0.05	TRUE	DEPLETION_AND_Q20_LOSS	NA
Oit1	Region_4	Region_3	WITHIN_MOUSE_TECHNICAL_PAIR	0.107886592174327	1.2663439772308	-1.53889221678785	-0.0204384634355837	0.901734104046243	0.913786091907279	-0.012051987861036	TRUE	FALSE	FALSE	Tier_C	CANDIDATE_NOT_CONFIRMED	REQUIRES_10X_DIAGNOSTICS	0.5	0.05	TRUE	DEPLETION_ONLY	NA
Ivl	Region_4	Region_3	WITHIN_MOUSE_TECHNICAL_PAIR	0.1298296278708	1.25613152580152	-1.47936736971036	-0.024128804447828	0.4177545691906	0.731862253426948	-0.314107684236348	TRUE	TRUE	FALSE	Tier_A	CANDIDATE_NOT_CONFIRMED	REQUIRES_10X_DIAGNOSTICS	0.5	0.05	TRUE	DEPLETION_AND_Q20_LOSS	NA
Iyd	Region_1	Region_3	CROSS_MOUSE_DIAGNOSTIC_REFERENCE	1.59619550131053	1.79979438130146	-0.133731603430312	-0.0169890987057285	0.690173032974208	0.782238442822384	-0.092065409848176	FALSE	TRUE	FALSE	Tier_A	CANDIDATE_NOT_CONFIRMED	REQUIRES_10X_DIAGNOSTICS	0.5	0.05	TRUE	Q20_LOSS_ONLY	NA
Omp	Region_4	Region_3	WITHIN_MOUSE_TECHNICAL_PAIR	0.768920542530586	1.64540614498822	-0.757649055835865	-0.0185109619246362	0.443181818181818	0.680644397062308	-0.23746257888049	TRUE	TRUE	FALSE	Tier_A	CANDIDATE_NOT_CONFIRMED	REQUIRES_10X_DIAGNOSTICS	0.5	0.05	TRUE	DEPLETION_AND_Q20_LOSS	NA
Otor	Region_4	Region_3	WITHIN_MOUSE_TECHNICAL_PAIR	1.01395110780787	1.50062962766724	-0.402135493822368	-0.0107249118311083	0.407509472959008	0.622222222222222	-0.214712749263214	FALSE	TRUE	FALSE	Tier_C	CANDIDATE_NOT_CONFIRMED	REQUIRES_10X_DIAGNOSTICS	0.5	0.05	TRUE	Q20_LOSS_ONLY	NA
Kcna1	Region_2	Region_3	CROSS_MOUSE_DIAGNOSTIC_REFERENCE	0.886805965890744	1.83643905995946	-0.752545460694774	-0.0131507836388689	0.908474576271186	0.656901509705248	0.251573066565938	TRUE	FALSE	FALSE	Tier_C	CANDIDATE_NOT_CONFIRMED	REQUIRES_10X_DIAGNOSTICS	0.5	0.05	TRUE	DEPLETION_ONLY	NA
Kcnj1	Region_1	Region_3	CROSS_MOUSE_DIAGNOSTIC_REFERENCE	1.65384040496925	1.98121557728044	-0.204135734228615	-0.0202559240224721	0.702479338842975	0.814610778443114	-0.112131439600139	FALSE	TRUE	FALSE	Tier_C	CANDIDATE_NOT_CONFIRMED	REQUIRES_10X_DIAGNOSTICS	0.5	0.05	TRUE	Q20_LOSS_ONLY	NA
Kcnj1	Region_4	Region_3	WITHIN_MOUSE_TECHNICAL_PAIR	0.364802968453869	1.98121557728044	-1.52060370713783	-0.0337540420488622	0.782122905027933	0.814610778443114	-0.032487873415181	TRUE	FALSE	FALSE	Tier_C	CANDIDATE_NOT_CONFIRMED	REQUIRES_10X_DIAGNOSTICS	0.5	0.05	TRUE	DEPLETION_ONLY	NA
Kcnj16	Region_4	Region_3	WITHIN_MOUSE_TECHNICAL_PAIR	0.29440239559435	1.74572846196997	-1.49924161896171	-0.0274977316332791	0.69140625	0.749020568070519	-0.057614318070519	TRUE	TRUE	FALSE	Tier_A	CANDIDATE_NOT_CONFIRMED	REQUIRES_10X_DIAGNOSTICS	0.5	0.05	TRUE	DEPLETION_AND_Q20_LOSS	NA
Pgam2	Region_4	Region_3	WITHIN_MOUSE_TECHNICAL_PAIR	0.153601249875313	0.65539908878501	-0.821908614547254	-0.0107886859271431	0.131954350927247	0.647457627118644	-0.515503276191397	TRUE	TRUE	FALSE	Tier_A	CANDIDATE_NOT_CONFIRMED	REQUIRES_10X_DIAGNOSTICS	0.5	0.05	TRUE	DEPLETION_AND_Q20_LOSS	NA
Pglyrp1	Region_1	Region_3	CROSS_MOUSE_DIAGNOSTIC_REFERENCE	4.20401846682905	3.27098811955489	0.318951118557937	-0.0121198309788104	0.674460431654676	0.765019505851755	-0.0905590741970791	FALSE	TRUE	FALSE	Tier_A	CANDIDATE_NOT_CONFIRMED	REQUIRES_10X_DIAGNOSTICS	0.5	0.05	TRUE	Q20_LOSS_ONLY	NA
Pglyrp1	Region_2	Region_3	CROSS_MOUSE_DIAGNOSTIC_REFERENCE	1.49889486626098	3.27098811955489	-0.915740011108985	-0.0385005358892356	0.713877551020408	0.765019505851755	-0.0511419548313471	TRUE	TRUE	FALSE	Tier_A	CANDIDATE_NOT_CONFIRMED	REQUIRES_10X_DIAGNOSTICS	0.5	0.05	TRUE	DEPLETION_AND_Q20_LOSS	NA
Pglyrp1	Region_4	Region_3	WITHIN_MOUSE_TECHNICAL_PAIR	1.04595136819856	3.27098811955489	-1.2864476689328	-0.0410105834896741	0.541666666666667	0.765019505851755	-0.223352839185088	TRUE	TRUE	FALSE	Tier_A	CANDIDATE_NOT_CONFIRMED	REQUIRES_10X_DIAGNOSTICS	0.5	0.05	TRUE	DEPLETION_AND_Q20_LOSS	NA
Pi16	Region_1	Region_3	CROSS_MOUSE_DIAGNOSTIC_REFERENCE	45.1619403664284	34.0002544702603	0.404385163901552	-0.003533350867749	0.67326929071382	0.749746954215336	-0.076477663501516	FALSE	TRUE	FALSE	Tier_C	CANDIDATE_NOT_CONFIRMED	REQUIRES_10X_DIAGNOSTICS	0.5	0.05	TRUE	Q20_LOSS_ONLY	NA
Sct	Region_1	Region_3	CROSS_MOUSE_DIAGNOSTIC_REFERENCE	0.113666007214381	0.114139163033137	-0.00111193470042297	-0.00090243951653657	0.149613069647463	0.325301204819277	-0.175688135171814	FALSE	TRUE	FALSE	Tier_C	CANDIDATE_NOT_CONFIRMED	REQUIRES_10X_DIAGNOSTICS	0.5	0.05	TRUE	Q20_LOSS_ONLY	NA
Sct	Region_2	Region_3	CROSS_MOUSE_DIAGNOSTIC_REFERENCE	0.13687657299618	0.114139163033137	0.052448199318878	-0.00030415186779253	0.189788053949904	0.325301204819277	-0.135513150869373	FALSE	TRUE	FALSE	Tier_C	CANDIDATE_NOT_CONFIRMED	REQUIRES_10X_DIAGNOSTICS	0.5	0.05	TRUE	Q20_LOSS_ONLY	NA
Myt1l	Region_4	Region_3	WITHIN_MOUSE_TECHNICAL_PAIR	0.715891539597442	2.24313491981964	-1.1738110395088	-0.0323932765341228	0.59325681492109	0.70880320116406	-0.11554638624297	TRUE	TRUE	FALSE	Tier_A	CANDIDATE_NOT_CONFIRMED	REQUIRES_10X_DIAGNOSTICS	0.5	0.05	TRUE	DEPLETION_AND_Q20_LOSS	NA
Pln	Region_1	Region_3	CROSS_MOUSE_DIAGNOSTIC_REFERENCE	1.05465816693915	1.72770648885948	-0.518961762882885	-0.0197779941795374	0.737373737373737	0.597803044902679	0.139570692471058	TRUE	FALSE	FALSE	Tier_A	CANDIDATE_NOT_CONFIRMED	REQUIRES_10X_DIAGNOSTICS	0.5	0.05	TRUE	DEPLETION_ONLY	NA
Pln	Region_4	Region_3	WITHIN_MOUSE_TECHNICAL_PAIR	0.29531668874837	1.72770648885948	-1.48595781357801	-0.0272222262200433	0.164440350069093	0.597803044902679	-0.433362694833586	TRUE	TRUE	FALSE	Tier_A	CANDIDATE_NOT_CONFIRMED	REQUIRES_10X_DIAGNOSTICS	0.5	0.05	TRUE	DEPLETION_AND_Q20_LOSS	NA
Plvap	Region_4	Region_3	WITHIN_MOUSE_TECHNICAL_PAIR	2.22721812319204	10.5320410857734	-2.01619773801023	-0.0653003713414238	0.349279011215381	0.689831770135477	-0.340552758920096	TRUE	TRUE	FALSE	Tier_A	CANDIDATE_NOT_CONFIRMED	REQUIRES_10X_DIAGNOSTICS	0.5	0.05	TRUE	DEPLETION_AND_Q20_LOSS	NA
Pmp22	Region_1	Region_3	CROSS_MOUSE_DIAGNOSTIC_REFERENCE	13.6561588667564	30.678804825996	-1.13913576887439	-0.18425747453949	0.947839046199702	0.809759715761327	0.138079330438375	TRUE	FALSE	FALSE	Tier_C	CANDIDATE_NOT_CONFIRMED	REQUIRES_10X_DIAGNOSTICS	0.5	0.05	TRUE	DEPLETION_ONLY	NA
Serpinb11	Region_4	Region_3	WITHIN_MOUSE_TECHNICAL_PAIR	0.530290029331439	0.669816667273406	-0.183231932518388	-0.0034211399491949	0.219961240310078	0.571907957813998	-0.35194671750392	FALSE	TRUE	FALSE	Tier_C	CANDIDATE_NOT_CONFIRMED	REQUIRES_10X_DIAGNOSTICS	0.5	0.05	TRUE	Q20_LOSS_ONLY	NA
Pnmal2	Region_4	Region_3	WITHIN_MOUSE_TECHNICAL_PAIR	0.542175840333695	2.05210200484839	-1.29208727747923	-0.0311669806298978	0.385737439222042	0.727570273392376	-0.341832834170334	TRUE	TRUE	FALSE	Tier_A	CANDIDATE_NOT_CONFIRMED	REQUIRES_10X_DIAGNOSTICS	0.5	0.05	TRUE	DEPLETION_AND_Q20_LOSS	NA
Krt79	Region_2	Region_3	CROSS_MOUSE_DIAGNOSTIC_REFERENCE	1.48154431475443	1.81060756516776	-0.221647020776335	-0.0151714105126184	0.703268453911127	0.806753147653567	-0.10348469374244	FALSE	TRUE	FALSE	Tier_A	CANDIDATE_NOT_CONFIRMED	REQUIRES_10X_DIAGNOSTICS	0.5	0.05	TRUE	Q20_LOSS_ONLY	NA
Krt79	Region_4	Region_3	WITHIN_MOUSE_TECHNICAL_PAIR	0.455317990701821	1.81060756516776	-1.27421931346552	-0.0275219364561418	0.282835820895522	0.806753147653567	-0.523917326758045	TRUE	TRUE	FALSE	Tier_A	CANDIDATE_NOT_CONFIRMED	REQUIRES_10X_DIAGNOSTICS	0.5	0.05	TRUE	DEPLETION_AND_Q20_LOSS	NA
Sez6l	Region_4	Region_3	WITHIN_MOUSE_TECHNICAL_PAIR	0.0457146577009861	0.353831405402723	-0.645804433886944	-0.00660295995375321	0.183006535947712	0.42422236929186	-0.241215833344148	TRUE	TRUE	FALSE	Tier_A	CANDIDATE_NOT_CONFIRMED	REQUIRES_10X_DIAGNOSTICS	0.5	0.05	TRUE	DEPLETION_AND_Q20_LOSS	NA
Pou3f3	Region_4	Region_3	WITHIN_MOUSE_TECHNICAL_PAIR	0.746063213680093	1.63098856649982	-0.774145593404999	-0.0191072695895963	0.530764449968925	0.614475945017182	-0.0837114950482569	TRUE	TRUE	FALSE	Tier_A	CANDIDATE_NOT_CONFIRMED	REQUIRES_10X_DIAGNOSTICS	0.5	0.05	TRUE	DEPLETION_AND_Q20_LOSS	NA
Ppargc1a	Region_1	Region_3	CROSS_MOUSE_DIAGNOSTIC_REFERENCE	3.75828533853837	6.22238658261699	-0.658700884817408	-0.0619934335138708	0.727496772679263	0.852580318745257	-0.125083546065994	TRUE	TRUE	FALSE	Tier_A	CANDIDATE_NOT_CONFIRMED	REQUIRES_10X_DIAGNOSTICS	0.5	0.05	TRUE	DEPLETION_AND_Q20_LOSS	NA
Sftpd	Region_4	Region_3	WITHIN_MOUSE_TECHNICAL_PAIR	0.478175319552315	1.34804358866504	-0.917833815661621	-0.0185218530878398	0.912828947368421	0.952149229521492	-0.0393202821530709	TRUE	FALSE	FALSE	Tier_C	CANDIDATE_NOT_CONFIRMED	REQUIRES_10X_DIAGNOSTICS	0.5	0.05	TRUE	DEPLETION_ONLY	NA
Ppargc1a	Region_4	Region_3	WITHIN_MOUSE_TECHNICAL_PAIR	3.51637147035985	6.22238658261699	-0.74308080079168	-0.0456972993082993	0.504669852302346	0.852580318745257	-0.347910466442911	TRUE	TRUE	FALSE	Tier_A	CANDIDATE_NOT_CONFIRMED	REQUIRES_10X_DIAGNOSTICS	0.5	0.05	TRUE	DEPLETION_AND_Q20_LOSS	NA
Mpeg1	Region_4	Region_3	WITHIN_MOUSE_TECHNICAL_PAIR	13.0844493271762	28.7642705492244	-1.10718423381182	-0.092139123513683	0.80298370438375	0.803413781042323	-0.000430076658572975	TRUE	FALSE	FALSE	Tier_C	CANDIDATE_NOT_CONFIRMED	REQUIRES_10X_DIAGNOSTICS	0.5	0.05	TRUE	DEPLETION_ONLY	NA
Slc10a1	Region_4	Region_3	WITHIN_MOUSE_TECHNICAL_PAIR	0.3940603493825	1.61897391775949	-1.24492170760692	-0.026102560443255	0.481632653061224	0.74246430460074	-0.260831651539516	TRUE	TRUE	FALSE	Tier_A	CANDIDATE_NOT_CONFIRMED	REQUIRES_10X_DIAGNOSTICS	0.5	0.05	TRUE	DEPLETION_AND_Q20_LOSS	NA
Ppp1r1a	Region_1	Region_3	CROSS_MOUSE_DIAGNOSTIC_REFERENCE	4.39887447919656	11.6746341809788	-1.31335619144581	-0.124794301425928	0.803079464338387	0.778968519758875	0.0241109445795119	TRUE	FALSE	FALSE	Tier_C	CANDIDATE_NOT_CONFIRMED	REQUIRES_10X_DIAGNOSTICS	0.5	0.05	TRUE	DEPLETION_ONLY	NA
Lipg	Region_1	Region_3	CROSS_MOUSE_DIAGNOSTIC_REFERENCE	0.717719645553666	1.11856379772474	-0.410532211150522	-0.0109918428322894	0.478494623655914	0.716573816155989	-0.238079192500075	FALSE	TRUE	FALSE	Tier_C	CANDIDATE_NOT_CONFIRMED	REQUIRES_10X_DIAGNOSTICS	0.5	0.05	TRUE	Q20_LOSS_ONLY	NA
Lipg	Region_2	Region_3	CROSS_MOUSE_DIAGNOSTIC_REFERENCE	0.534975338118873	1.11856379772474	-0.645117841389237	-0.0122189015863366	0.422644163150492	0.716573816155989	-0.293929653005497	TRUE	TRUE	FALSE	Tier_C	CANDIDATE_NOT_CONFIRMED	REQUIRES_10X_DIAGNOSTICS	0.5	0.05	TRUE	DEPLETION_AND_Q20_LOSS	NA
Lipg	Region_4	Region_3	WITHIN_MOUSE_TECHNICAL_PAIR	0.382174538380244	1.11856379772474	-0.875578205712983	-0.0120446322358325	0.675938803894298	0.716573816155989	-0.0406350122616911	TRUE	FALSE	FALSE	Tier_C	CANDIDATE_NOT_CONFIRMED	REQUIRES_10X_DIAGNOSTICS	0.5	0.05	TRUE	DEPLETION_ONLY	NA
Muc1	Region_1	Region_3	CROSS_MOUSE_DIAGNOSTIC_REFERENCE	1.66114750543303	1.32341355874737	0.245155735753832	-0.0064037706956377	0.616771373941546	0.704558404558405	-0.087787030616859	FALSE	TRUE	FALSE	Tier_C	CANDIDATE_NOT_CONFIRMED	REQUIRES_10X_DIAGNOSTICS	0.5	0.05	TRUE	Q20_LOSS_ONLY	NA
Slc17a7	Region_2	Region_3	CROSS_MOUSE_DIAGNOSTIC_REFERENCE	0.960063850029544	0.961171899226413	-0.00109445268733014	-0.0061208772027916	0.662259615384615	0.732057416267943	-0.069797800883328	FALSE	TRUE	FALSE	Tier_A	CANDIDATE_NOT_CONFIRMED	REQUIRES_10X_DIAGNOSTICS	0.5	0.05	TRUE	Q20_LOSS_ONLY	NA
Lrp2	Region_1	Region_3	CROSS_MOUSE_DIAGNOSTIC_REFERENCE	1.27143548069801	1.36065896984239	-0.0708947353154362	-0.0122341352826842	0.687160184023421	0.801750252440256	-0.114590068416835	FALSE	TRUE	FALSE	Tier_A	CANDIDATE_NOT_CONFIRMED	REQUIRES_10X_DIAGNOSTICS	0.5	0.05	TRUE	Q20_LOSS_ONLY	NA
Lrp2	Region_2	Region_3	CROSS_MOUSE_DIAGNOSTIC_REFERENCE	1.05934756142818	1.36065896984239	-0.254871131084479	-0.0125991710755334	0.645413870246085	0.801750252440256	-0.156336382194171	FALSE	TRUE	FALSE	Tier_A	CANDIDATE_NOT_CONFIRMED	REQUIRES_10X_DIAGNOSTICS	0.5	0.05	TRUE	Q20_LOSS_ONLY	NA
Lrp2	Region_4	Region_3	WITHIN_MOUSE_TECHNICAL_PAIR	0.246859151585325	1.36065896984239	-1.3169055565187	-0.0233435255797589	0.483333333333333	0.801750252440256	-0.318416919106923	TRUE	TRUE	FALSE	Tier_A	CANDIDATE_NOT_CONFIRMED	REQUIRES_10X_DIAGNOSTICS	0.5	0.05	TRUE	DEPLETION_AND_Q20_LOSS	NA
Ltc4s	Region_4	Region_3	WITHIN_MOUSE_TECHNICAL_PAIR	3.4907712620473	5.89859179906509	-0.681086841321377	-0.0338811050092155	0.784552845528455	0.771834954103426	0.012717891425029	TRUE	FALSE	FALSE	Tier_C	CANDIDATE_NOT_CONFIRMED	REQUIRES_10X_DIAGNOSTICS	0.5	0.05	TRUE	DEPLETION_ONLY	NA
Prox1	Region_1	Region_3	CROSS_MOUSE_DIAGNOSTIC_REFERENCE	1.45817249255021	2.27136934435942	-0.501091138230775	-0.0164205240887693	0.551307847082495	0.726531942633638	-0.175224095551143	TRUE	TRUE	FALSE	Tier_A	CANDIDATE_NOT_CONFIRMED	REQUIRES_10X_DIAGNOSTICS	0.5	0.05	TRUE	DEPLETION_AND_Q20_LOSS	NA
Prox1	Region_4	Region_3	WITHIN_MOUSE_TECHNICAL_PAIR	0.218516063810714	2.27136934435942	-1.9475066772831	-0.0283263096500155	0.302631578947368	0.726531942633638	-0.42390036368627	TRUE	TRUE	FALSE	Tier_A	CANDIDATE_NOT_CONFIRMED	REQUIRES_10X_DIAGNOSTICS	0.5	0.05	TRUE	DEPLETION_AND_Q20_LOSS	NA
Slc27a2	Region_2	Region_3	CROSS_MOUSE_DIAGNOSTIC_REFERENCE	2.1697828578479	5.58981532643861	-1.18967607150002	-0.0545673776710891	0.977702191987906	0.974798856306935	0.00290333568097101	TRUE	FALSE	FALSE	Tier_C	CANDIDATE_NOT_CONFIRMED	REQUIRES_10X_DIAGNOSTICS	0.5	0.05	TRUE	DEPLETION_ONLY	NA
Slc34a2	Region_4	Region_3	WITHIN_MOUSE_TECHNICAL_PAIR	0.449832231777703	1.19665901453688	-0.836952030059377	-0.016188509262515	0.916521739130435	0.95790934320074	-0.041387604070305	TRUE	FALSE	FALSE	Tier_C	CANDIDATE_NOT_CONFIRMED	REQUIRES_10X_DIAGNOSTICS	0.5	0.05	TRUE	DEPLETION_ONLY	NA
Prss3	Region_2	Region_3	CROSS_MOUSE_DIAGNOSTIC_REFERENCE	2.03387020437986	3.43919320191951	-0.636557551810693	-0.0403972617060336	0.831130690161527	0.775067058372717	0.0560636317888099	TRUE	FALSE	FALSE	Tier_A	CANDIDATE_NOT_CONFIRMED	REQUIRES_10X_DIAGNOSTICS	0.5	0.05	TRUE	DEPLETION_ONLY	NA
Rhcg	Region_4	Region_3	WITHIN_MOUSE_TECHNICAL_PAIR	0.486403957938492	1.5721167876722	-1.07085482414758	-0.0233719528340856	0.472573839662447	0.798659673659674	-0.326085833997227	TRUE	TRUE	FALSE	Tier_A	CANDIDATE_NOT_CONFIRMED	REQUIRES_10X_DIAGNOSTICS	0.5	0.05	TRUE	DEPLETION_AND_Q20_LOSS	NA
Rhd	Region_1	Region_3	CROSS_MOUSE_DIAGNOSTIC_REFERENCE	0.743700447202667	0.766534589633064	-0.0262474327872169	-0.00675682468105183	0.432077125328659	0.626500461680517	-0.194423336351858	FALSE	TRUE	FALSE	Tier_A	CANDIDATE_NOT_CONFIRMED	REQUIRES_10X_DIAGNOSTICS	0.5	0.05	TRUE	Q20_LOSS_ONLY	NA
Slc5a1	Region_4	Region_3	WITHIN_MOUSE_TECHNICAL_PAIR	0.111543764790406	0.755120673329751	-1.03729842524442	-0.0137497438113867	0.491749174917492	0.633782483156882	-0.14203330823939	TRUE	TRUE	FALSE	Tier_A	CANDIDATE_NOT_CONFIRMED	REQUIRES_10X_DIAGNOSTICS	0.5	0.05	TRUE	DEPLETION_AND_Q20_LOSS	NA
Mylk	Region_4	Region_3	WITHIN_MOUSE_TECHNICAL_PAIR	4.11523348624277	15.318677143921	-1.77715341646473	-0.116515408954298	0.675347222222222	0.827942624103502	-0.15259540188128	TRUE	TRUE	FALSE	Tier_A	CANDIDATE_NOT_CONFIRMED	REQUIRES_10X_DIAGNOSTICS	0.5	0.05	TRUE	DEPLETION_AND_Q20_LOSS	NA
Mamdc2	Region_4	Region_3	WITHIN_MOUSE_TECHNICAL_PAIR	1.95841593591024	5.04975686556077	-1.17469554459185	-0.0495506745151158	0.795622787254586	0.823912864097698	-0.028290076843112	TRUE	FALSE	FALSE	Tier_C	CANDIDATE_NOT_CONFIRMED	REQUIRES_10X_DIAGNOSTICS	0.5	0.05	TRUE	DEPLETION_ONLY	NA
Mapk10	Region_1	Region_3	CROSS_MOUSE_DIAGNOSTIC_REFERENCE	1.19836447606019	1.94036577156332	-0.522951300312059	-0.0253138619439662	0.758687258687259	0.753094606542882	0.00559265214437699	TRUE	FALSE	FALSE	Tier_C	CANDIDATE_NOT_CONFIRMED	REQUIRES_10X_DIAGNOSTICS	0.5	0.05	TRUE	DEPLETION_ONLY	NA
Mapk10	Region_4	Region_3	WITHIN_MOUSE_TECHNICAL_PAIR	0.411431919308875	1.94036577156332	-1.42089059950517	-0.0319113132653581	0.746200607902736	0.753094606542882	-0.00689399864014595	TRUE	FALSE	FALSE	Tier_C	CANDIDATE_NOT_CONFIRMED	REQUIRES_10X_DIAGNOSTICS	0.5	0.05	TRUE	DEPLETION_ONLY	NA
Marco	Region_4	Region_3	WITHIN_MOUSE_TECHNICAL_PAIR	0.29531668874837	7.27667200958096	-3.28955154313514	-0.0310058196128572	0.697749196141479	0.673250832936697	0.024498363204782	TRUE	FALSE	FALSE	Tier_C	CANDIDATE_NOT_CONFIRMED	REQUIRES_10X_DIAGNOSTICS	0.5	0.05	TRUE	DEPLETION_ONLY	NA
Sox17	Region_1	Region_3	CROSS_MOUSE_DIAGNOSTIC_REFERENCE	2.83840258015341	5.05936858455303	-0.73576309479634	-0.0543685858830335	0.827306596537366	0.811731742588576	0.01557485394879	TRUE	FALSE	FALSE	Tier_C	CANDIDATE_NOT_CONFIRMED	REQUIRES_10X_DIAGNOSTICS	0.5	0.05	TRUE	DEPLETION_ONLY	NA
Wnt3	Region_4	Region_3	WITHIN_MOUSE_TECHNICAL_PAIR	0.177372871879826	0.460761779191662	-0.504228549751035	-0.00618413540213433	0.460496613995485	0.634509803921569	-0.174013189926084	TRUE	TRUE	FALSE	Tier_A	CANDIDATE_NOT_CONFIRMED	REQUIRES_10X_DIAGNOSTICS	0.5	0.05	TRUE	DEPLETION_AND_Q20_LOSS	NA
Pvalb	Region_4	Region_3	WITHIN_MOUSE_TECHNICAL_PAIR	0.0832006770157947	0.88247594997725	-1.24519008351468	-0.0172555924008172	0.705128205128205	0.853631284916201	-0.148503079787996	TRUE	TRUE	FALSE	Tier_A	CANDIDATE_NOT_CONFIRMED	REQUIRES_10X_DIAGNOSTICS	0.5	0.05	TRUE	DEPLETION_AND_Q20_LOSS	NA
Mfap4	Region_4	Region_3	WITHIN_MOUSE_TECHNICAL_PAIR	0.553147358181932	2.11818257292021	-1.31385838895223	-0.0317560519335633	0.781407035175879	0.761904761904762	0.019502273271117	TRUE	FALSE	FALSE	Tier_C	CANDIDATE_NOT_CONFIRMED	REQUIRES_10X_DIAGNOSTICS	0.5	0.05	TRUE	DEPLETION_ONLY	NA
Mgat4c	Region_1	Region_3	CROSS_MOUSE_DIAGNOSTIC_REFERENCE	1.00837986400187	1.04887883503082	-0.0382244934915803	-0.0093280768807183	0.364039665970772	0.662011173184358	-0.297971507213586	FALSE	TRUE	FALSE	Tier_A	CANDIDATE_NOT_CONFIRMED	REQUIRES_10X_DIAGNOSTICS	0.5	0.05	TRUE	Q20_LOSS_ONLY	NA
Mgat4c	Region_2	Region_3	CROSS_MOUSE_DIAGNOSTIC_REFERENCE	1.15863127282682	1.04887883503082	0.0987689090706349	-0.0048507488165549	0.492432242168251	0.662011173184358	-0.169578931016107	FALSE	TRUE	FALSE	Tier_A	CANDIDATE_NOT_CONFIRMED	REQUIRES_10X_DIAGNOSTICS	0.5	0.05	TRUE	Q20_LOSS_ONLY	NA
Mgat4c	Region_4	Region_3	WITHIN_MOUSE_TECHNICAL_PAIR	0.082286383861775	1.04887883503082	-1.41142350165422	-0.0207444084414718	0.0673244341265235	0.662011173184358	-0.594686739057835	TRUE	TRUE	FALSE	Tier_A	CANDIDATE_NOT_CONFIRMED	REQUIRES_10X_DIAGNOSTICS	0.5	0.05	TRUE	DEPLETION_AND_Q20_LOSS	NA
Mgll	Region_1	Region_3	CROSS_MOUSE_DIAGNOSTIC_REFERENCE	91.1812471872738	117.840876310032	-0.368249908280817	-0.141805207804623	0.804552205139013	0.862158715235769	-0.057606510096756	FALSE	TRUE	FALSE	Tier_A	CANDIDATE_NOT_CONFIRMED	REQUIRES_10X_DIAGNOSTICS	0.5	0.05	TRUE	Q20_LOSS_ONLY	NA
Mgll	Region_2	Region_3	CROSS_MOUSE_DIAGNOSTIC_REFERENCE	113.848535468865	117.840876310032	-0.0495105949498115	-0.036758683494421	0.767471102507007	0.862158715235769	-0.094687612728762	FALSE	TRUE	FALSE	Tier_A	CANDIDATE_NOT_CONFIRMED	REQUIRES_10X_DIAGNOSTICS	0.5	0.05	TRUE	Q20_LOSS_ONLY	NA
Mgll	Region_4	Region_3	WITHIN_MOUSE_TECHNICAL_PAIR	55.1419344120834	117.840876310032	-1.08870400166385	-0.147654561087496	0.700048838905206	0.862158715235769	-0.162109876330563	TRUE	TRUE	FALSE	Tier_A	CANDIDATE_NOT_CONFIRMED	REQUIRES_10X_DIAGNOSTICS	0.5	0.05	TRUE	DEPLETION_AND_Q20_LOSS	NA
Mlc1	Region_4	Region_3	WITHIN_MOUSE_TECHNICAL_PAIR	0.0960007811720708	0.616952212815954	-0.906181336795207	-0.0110989815389107	0.330601092896175	0.552200614124872	-0.221599521228697	TRUE	TRUE	FALSE	Tier_A	CANDIDATE_NOT_CONFIRMED	REQUIRES_10X_DIAGNOSTICS	0.5	0.05	TRUE	DEPLETION_AND_Q20_LOSS	NA
Mmp8	Region_4	Region_3	WITHIN_MOUSE_TECHNICAL_PAIR	0.470860974320157	1.14799968713855	-0.763379344622819	-0.0145729751239278	0.317626527050611	0.682096664397549	-0.364470137346938	TRUE	TRUE	FALSE	Tier_A	CANDIDATE_NOT_CONFIRMED	REQUIRES_10X_DIAGNOSTICS	0.5	0.05	TRUE	DEPLETION_AND_Q20_LOSS	NA
Mmrn1	Region_2	Region_3	CROSS_MOUSE_DIAGNOSTIC_REFERENCE	1.21261076640278	4.57758117006579	-1.56794409741331	-0.0420424459245896	0.788104089219331	0.712229695523252	0.075874393696079	TRUE	FALSE	FALSE	Tier_A	CANDIDATE_NOT_CONFIRMED	REQUIRES_10X_DIAGNOSTICS	0.5	0.05	TRUE	DEPLETION_ONLY	NA
Mmrn1	Region_4	Region_3	WITHIN_MOUSE_TECHNICAL_PAIR	1.63475615938726	4.57758117006579	-1.25007010888095	-0.0363791547897049	0.639846743295019	0.712229695523252	-0.072382952228233	TRUE	TRUE	FALSE	Tier_A	CANDIDATE_NOT_CONFIRMED	REQUIRES_10X_DIAGNOSTICS	0.5	0.05	TRUE	DEPLETION_AND_Q20_LOSS	NA
Mpeg1	Region_2	Region_3	CROSS_MOUSE_DIAGNOSTIC_REFERENCE	14.7942369179251	28.7642705492244	-0.936152190353103	-0.100636397729597	0.925976296871964	0.803413781042323	0.122562515829641	TRUE	FALSE	FALSE	Tier_C	CANDIDATE_NOT_CONFIRMED	REQUIRES_10X_DIAGNOSTICS	0.5	0.05	TRUE	DEPLETION_ONLY	NA
Rasd1	Region_2	Region_3	CROSS_MOUSE_DIAGNOSTIC_REFERENCE	18.6316005594589	29.2520652880818	-0.637032243587375	-0.115393819906269	0.786526172008391	0.754766647694935	0.0317595243134561	TRUE	FALSE	FALSE	Tier_C	CANDIDATE_NOT_CONFIRMED	REQUIRES_10X_DIAGNOSTICS	0.5	0.05	TRUE	DEPLETION_ONLY	NA
Mpo	Region_4	Region_3	WITHIN_MOUSE_TECHNICAL_PAIR	0.108800885328347	0.866256174177805	-1.16618565357397	-0.0151785461370126	0.741573033707865	0.817192600652884	-0.075619566945019	TRUE	TRUE	FALSE	Tier_A	CANDIDATE_NOT_CONFIRMED	REQUIRES_10X_DIAGNOSTICS	0.5	0.05	TRUE	DEPLETION_AND_Q20_LOSS	NA
Mrgpra2a	Region_1	Region_3	CROSS_MOUSE_DIAGNOSTIC_REFERENCE	1.45411299229255	1.9505782229926	-0.326608308232977	-0.022839041199125	0.648241206030151	0.76621085134539	-0.117969645315239	FALSE	TRUE	FALSE	Tier_A	CANDIDATE_NOT_CONFIRMED	REQUIRES_10X_DIAGNOSTICS	0.5	0.05	TRUE	Q20_LOSS_ONLY	NA
Mrgpra2a	Region_4	Region_3	WITHIN_MOUSE_TECHNICAL_PAIR	0.472689560628196	1.9505782229926	-1.3330708593214	-0.0315485979797185	0.411808118081181	0.76621085134539	-0.354402733264209	TRUE	TRUE	FALSE	Tier_A	CANDIDATE_NOT_CONFIRMED	REQUIRES_10X_DIAGNOSTICS	0.5	0.05	TRUE	DEPLETION_AND_Q20_LOSS	NA
Ms4a6b	Region_4	Region_3	WITHIN_MOUSE_TECHNICAL_PAIR	10.430256301057	21.1391737261739	-0.985318181278437	-0.109544447435791	0.827450012342631	0.807632430660822	0.019817581681809	TRUE	FALSE	FALSE	Tier_C	CANDIDATE_NOT_CONFIRMED	REQUIRES_10X_DIAGNOSTICS	0.5	0.05	TRUE	DEPLETION_ONLY	NA
Ms4a7	Region_4	Region_3	WITHIN_MOUSE_TECHNICAL_PAIR	10.0627104531411	9.47475199662436	0.082627209163889	-0.0045098314629111	0.758544979824353	0.818682016337241	-0.060137036512888	FALSE	TRUE	FALSE	Tier_C	CANDIDATE_NOT_CONFIRMED	REQUIRES_10X_DIAGNOSTICS	0.5	0.05	TRUE	Q20_LOSS_ONLY	NA
S100a14	Region_2	Region_3	CROSS_MOUSE_DIAGNOSTIC_REFERENCE	1.33020894883612	2.04309101829314	-0.474574732031026	-0.0231097142533532	0.679550561797753	0.789006708504653	-0.1094561467069	FALSE	TRUE	FALSE	Tier_A	CANDIDATE_NOT_CONFIRMED	REQUIRES_10X_DIAGNOSTICS	0.5	0.05	TRUE	Q20_LOSS_ONLY	NA
Muc1	Region_2	Region_3	CROSS_MOUSE_DIAGNOSTIC_REFERENCE	0.661248796305489	1.32341355874737	-0.650964707310313	-0.017968075618274	0.731793960923623	0.704558404558405	0.027235556365218	TRUE	FALSE	FALSE	Tier_C	CANDIDATE_NOT_CONFIRMED	REQUIRES_10X_DIAGNOSTICS	0.5	0.05	TRUE	DEPLETION_ONLY	NA
Muc1	Region_4	Region_3	WITHIN_MOUSE_TECHNICAL_PAIR	0.845721167468243	1.32341355874737	-0.438262293032266	-0.0105908560408502	0.548889938592348	0.704558404558405	-0.155668465966057	FALSE	TRUE	FALSE	Tier_C	CANDIDATE_NOT_CONFIRMED	REQUIRES_10X_DIAGNOSTICS	0.5	0.05	TRUE	Q20_LOSS_ONLY	NA
Mustn1	Region_1	Region_3	CROSS_MOUSE_DIAGNOSTIC_REFERENCE	5.56963435350469	9.79854678017626	-0.762759260733815	-0.0812321981144151	0.648475591846326	0.75165072508485	-0.103175133238524	TRUE	TRUE	FALSE	Tier_C	CANDIDATE_NOT_CONFIRMED	REQUIRES_10X_DIAGNOSTICS	0.5	0.05	TRUE	DEPLETION_AND_Q20_LOSS	NA
Retn	Region_1	Region_3	CROSS_MOUSE_DIAGNOSTIC_REFERENCE	51.3096475566233	104.108132799835	-1.01370234425907	-0.209213581935766	0.932576106698474	0.845728861895596	0.086847244802878	TRUE	FALSE	FALSE	Tier_A	CANDIDATE_NOT_CONFIRMED	REQUIRES_10X_DIAGNOSTICS	0.5	0.05	TRUE	DEPLETION_ONLY	NA
Retn	Region_2	Region_3	CROSS_MOUSE_DIAGNOSTIC_REFERENCE	125.083981488889	104.108132799835	0.263657438230919	0.00802335465116599	0.741923811513325	0.845728861895596	-0.103805050382271	FALSE	TRUE	FALSE	Tier_A	CANDIDATE_NOT_CONFIRMED	REQUIRES_10X_DIAGNOSTICS	0.5	0.05	TRUE	Q20_LOSS_ONLY	NA
Oit3	Region_4	Region_3	WITHIN_MOUSE_TECHNICAL_PAIR	0.236801926891108	0.998417310321436	-1.02409073188913	-0.0163735638216945	0.289855072463768	0.707034372501998	-0.41717930003823	TRUE	TRUE	FALSE	Tier_A	CANDIDATE_NOT_CONFIRMED	REQUIRES_10X_DIAGNOSTICS	0.5	0.05	TRUE	DEPLETION_AND_Q20_LOSS	NA
Omp	Region_2	Region_3	CROSS_MOUSE_DIAGNOSTIC_REFERENCE	0.7576407491197	1.64540614498822	-0.770530920359771	-0.0232579595990475	0.678685897435897	0.680644397062308	-0.00195849962641093	TRUE	FALSE	FALSE	Tier_A	CANDIDATE_NOT_CONFIRMED	REQUIRES_10X_DIAGNOSTICS	0.5	0.05	TRUE	DEPLETION_ONLY	NA
Thbs4	Region_1	Region_3	CROSS_MOUSE_DIAGNOSTIC_REFERENCE	1.27468308090414	1.81120829760477	-0.381085874294515	-0.0151835749447636	0.679528403001072	0.798495323302155	-0.118966920301083	FALSE	TRUE	FALSE	Tier_C	CANDIDATE_NOT_CONFIRMED	REQUIRES_10X_DIAGNOSTICS	0.5	0.05	TRUE	Q20_LOSS_ONLY	NA
Rgs5	Region_1	Region_3	CROSS_MOUSE_DIAGNOSTIC_REFERENCE	20.3039964886947	36.0385396290573	-0.812558273989692	-0.134411489171645	0.850367081262457	0.789683445263089	0.060683635999368	TRUE	FALSE	FALSE	Tier_C	CANDIDATE_NOT_CONFIRMED	REQUIRES_10X_DIAGNOSTICS	0.5	0.05	TRUE	DEPLETION_ONLY	NA
Rhcg	Region_2	Region_3	CROSS_MOUSE_DIAGNOSTIC_REFERENCE	2.00688045759188	1.5721167876722	0.274787884039783	-0.0034063119107013	0.742393509127789	0.798659673659674	-0.056266164531885	FALSE	TRUE	FALSE	Tier_A	CANDIDATE_NOT_CONFIRMED	REQUIRES_10X_DIAGNOSTICS	0.5	0.05	TRUE	Q20_LOSS_ONLY	NA
Pax8	Region_4	Region_3	WITHIN_MOUSE_TECHNICAL_PAIR	0.169144233493649	0.967179223596578	-1.1326559932638	-0.0170860066625428	0.332278481012658	0.620765027322404	-0.288486546309746	TRUE	TRUE	FALSE	Tier_A	CANDIDATE_NOT_CONFIRMED	REQUIRES_10X_DIAGNOSTICS	0.5	0.05	TRUE	DEPLETION_AND_Q20_LOSS	NA
Pck1	Region_1	Region_3	CROSS_MOUSE_DIAGNOSTIC_REFERENCE	129.573564924034	149.991475606719	-0.210353979288311	-0.126519361162223	0.669462333651253	0.746715176862383	-0.07725284321113	FALSE	TRUE	FALSE	Tier_C	CANDIDATE_NOT_CONFIRMED	REQUIRES_10X_DIAGNOSTICS	0.5	0.05	TRUE	Q20_LOSS_ONLY	NA
Mylk	Region_2	Region_3	CROSS_MOUSE_DIAGNOSTIC_REFERENCE	10.1703149414274	15.318677143921	-0.568026198838503	-0.079421752912777	0.673693939527309	0.827942624103502	-0.154248684576193	TRUE	TRUE	FALSE	Tier_A	CANDIDATE_NOT_CONFIRMED	REQUIRES_10X_DIAGNOSTICS	0.5	0.05	TRUE	DEPLETION_AND_Q20_LOSS	NA
Scgb3a2	Region_2	Region_3	CROSS_MOUSE_DIAGNOSTIC_REFERENCE	0.729687082803579	1.58172850666447	-0.759490687409394	-0.0220557070303874	0.922814982973893	0.855063487147724	0.067751495826169	TRUE	FALSE	FALSE	Tier_A	CANDIDATE_NOT_CONFIRMED	REQUIRES_10X_DIAGNOSTICS	0.5	0.05	TRUE	DEPLETION_ONLY	NA
Mylk3	Region_4	Region_3	WITHIN_MOUSE_TECHNICAL_PAIR	0.554975944489971	2.10136206468374	-1.30205710845029	-0.0326773696332067	0.894217207334274	0.773100399915807	0.121116807418467	TRUE	FALSE	FALSE	Tier_C	CANDIDATE_NOT_CONFIRMED	REQUIRES_10X_DIAGNOSTICS	0.5	0.05	TRUE	DEPLETION_ONLY	NA
Riiad1	Region_1	Region_3	CROSS_MOUSE_DIAGNOSTIC_REFERENCE	1.30553528286232	1.48981644380094	-0.140208738473494	-0.0144942457693459	0.580731789191004	0.676554036626257	-0.095822247435253	FALSE	TRUE	FALSE	Tier_A	CANDIDATE_NOT_CONFIRMED	REQUIRES_10X_DIAGNOSTICS	0.5	0.05	TRUE	Q20_LOSS_ONLY	NA
Riiad1	Region_2	Region_3	CROSS_MOUSE_DIAGNOSTIC_REFERENCE	0.51569694755603	1.48981644380094	-0.970165340563616	-0.0234768982008738	0.526459854014598	0.676554036626257	-0.150094182611659	TRUE	TRUE	FALSE	Tier_A	CANDIDATE_NOT_CONFIRMED	REQUIRES_10X_DIAGNOSTICS	0.5	0.05	TRUE	DEPLETION_AND_Q20_LOSS	NA
Riiad1	Region_4	Region_3	WITHIN_MOUSE_TECHNICAL_PAIR	0.267887894127779	1.48981644380094	-1.37366774267767	-0.0256972216712248	0.307312252964427	0.676554036626257	-0.36924178366183	TRUE	TRUE	FALSE	Tier_A	CANDIDATE_NOT_CONFIRMED	REQUIRES_10X_DIAGNOSTICS	0.5	0.05	TRUE	DEPLETION_AND_Q20_LOSS	NA
Myt1l	Region_1	Region_3	CROSS_MOUSE_DIAGNOSTIC_REFERENCE	2.54855426175674	2.24313491981964	0.152299642789033	-0.0149413665460562	0.626913626913627	0.70880320116406	-0.0818895742504331	FALSE	TRUE	FALSE	Tier_A	CANDIDATE_NOT_CONFIRMED	REQUIRES_10X_DIAGNOSTICS	0.5	0.05	TRUE	Q20_LOSS_ONLY	NA
Tm4sf4	Region_4	Region_3	WITHIN_MOUSE_TECHNICAL_PAIR	0.256916376279542	1.89471010635007	-1.66164519392432	-0.0345778501462735	0.137706342311034	0.720288903479974	-0.58258256116894	TRUE	TRUE	FALSE	Tier_A	CANDIDATE_NOT_CONFIRMED	REQUIRES_10X_DIAGNOSTICS	0.5	0.05	TRUE	DEPLETION_AND_Q20_LOSS	NA
Nbl1	Region_4	Region_3	WITHIN_MOUSE_TECHNICAL_PAIR	6.59479651994425	15.5163181156994	-1.1747093211076	-0.076982531823007	0.611097978962298	0.80694791112566	-0.195849932163362	TRUE	TRUE	FALSE	Tier_A	CANDIDATE_NOT_CONFIRMED	REQUIRES_10X_DIAGNOSTICS	0.5	0.05	TRUE	DEPLETION_AND_Q20_LOSS	NA
Tmem213	Region_1	Region_3	CROSS_MOUSE_DIAGNOSTIC_REFERENCE	0.329631420921706	0.361640927083938	-0.0546162432029657	-0.00334271574093755	0.456211812627291	0.508716323296355	-0.052504510669064	FALSE	TRUE	FALSE	Tier_A	CANDIDATE_NOT_CONFIRMED	REQUIRES_10X_DIAGNOSTICS	0.5	0.05	TRUE	Q20_LOSS_ONLY	NA
Tmem213	Region_2	Region_3	CROSS_MOUSE_DIAGNOSTIC_REFERENCE	0.231340686754107	0.361640927083938	-0.236543152219028	-0.00413349665435363	0.350877192982456	0.508716323296355	-0.157839130313899	FALSE	TRUE	FALSE	Tier_A	CANDIDATE_NOT_CONFIRMED	REQUIRES_10X_DIAGNOSTICS	0.5	0.05	TRUE	Q20_LOSS_ONLY	NA
Ncf4	Region_1	Region_3	CROSS_MOUSE_DIAGNOSTIC_REFERENCE	12.5040726936335	18.1883759955488	-0.523177679596607	-0.105340351452343	0.787353775257001	0.811769050843285	-0.024415275586284	TRUE	FALSE	FALSE	Tier_A	CANDIDATE_NOT_CONFIRMED	REQUIRES_10X_DIAGNOSTICS	0.5	0.05	TRUE	DEPLETION_ONLY	NA
Ncf4	Region_2	Region_3	CROSS_MOUSE_DIAGNOSTIC_REFERENCE	14.0982870186065	18.1883759955488	-0.356342114138789	-0.094108994059136	0.754102735156771	0.811769050843285	-0.057666315686514	FALSE	TRUE	FALSE	Tier_A	CANDIDATE_NOT_CONFIRMED	REQUIRES_10X_DIAGNOSTICS	0.5	0.05	TRUE	Q20_LOSS_ONLY	NA
Tmem59l	Region_4	Region_3	WITHIN_MOUSE_TECHNICAL_PAIR	0.0941721948640313	0.601933901890541	-0.891084689377732	-0.0109022264866461	0.25219298245614	0.491841491841492	-0.239648509385352	TRUE	TRUE	FALSE	Tier_A	CANDIDATE_NOT_CONFIRMED	REQUIRES_10X_DIAGNOSTICS	0.5	0.05	TRUE	DEPLETION_AND_Q20_LOSS	NA
Ndufa4l2	Region_1	Region_3	CROSS_MOUSE_DIAGNOSTIC_REFERENCE	6.66569942307194	16.4714826905556	-1.2439331757428	-0.165577343843703	0.888994646044021	0.818881651298537	0.070112994745484	TRUE	FALSE	FALSE	Tier_C	CANDIDATE_NOT_CONFIRMED	REQUIRES_10X_DIAGNOSTICS	0.5	0.05	TRUE	DEPLETION_ONLY	NA
Tnnc1	Region_4	Region_3	WITHIN_MOUSE_TECHNICAL_PAIR	0.708577194365284	1.74873212415505	-0.895802189096888	-0.0217329737638141	0.808435852372584	0.791646191646192	0.016789660726392	TRUE	FALSE	FALSE	Tier_C	CANDIDATE_NOT_CONFIRMED	REQUIRES_10X_DIAGNOSTICS	0.5	0.05	TRUE	DEPLETION_ONLY	NA
Trdn	Region_4	Region_3	WITHIN_MOUSE_TECHNICAL_PAIR	0.463546629087999	1.46518641388326	-1.02823978038275	-0.0209196375161607	0.613240418118467	0.797217928902628	-0.183977510784161	TRUE	TRUE	FALSE	Tier_A	CANDIDATE_NOT_CONFIRMED	REQUIRES_10X_DIAGNOSTICS	0.5	0.05	TRUE	DEPLETION_AND_Q20_LOSS	NA
Ndufs8	Region_1	Region_3	CROSS_MOUSE_DIAGNOSTIC_REFERENCE	22.2801612141218	29.8582043170315	-0.414308501127686	-0.176597421790096	0.721969092019353	0.850499245376331	-0.128530153356978	FALSE	TRUE	FALSE	Tier_C	CANDIDATE_NOT_CONFIRMED	REQUIRES_10X_DIAGNOSTICS	0.5	0.05	TRUE	Q20_LOSS_ONLY	NA
Trim29	Region_4	Region_3	WITHIN_MOUSE_TECHNICAL_PAIR	0.270630773589838	0.85664445518554	-0.815930970245879	-0.0126235521257791	0.684738955823293	0.680232558139535	0.00450639768375805	TRUE	FALSE	FALSE	Tier_C	CANDIDATE_NOT_CONFIRMED	REQUIRES_10X_DIAGNOSTICS	0.5	0.05	TRUE	DEPLETION_ONLY	NA
Sfta2	Region_4	Region_3	WITHIN_MOUSE_TECHNICAL_PAIR	0.170058526647668	0.752117011144668	-0.902010370139888	-0.0125178741511443	0.280160857908847	0.58726625111309	-0.307105393204243	TRUE	TRUE	FALSE	Tier_A	CANDIDATE_NOT_CONFIRMED	REQUIRES_10X_DIAGNOSTICS	0.5	0.05	TRUE	DEPLETION_AND_Q20_LOSS	NA
Rasd1	Region_1	Region_3	CROSS_MOUSE_DIAGNOSTIC_REFERENCE	15.8572199064577	29.2520652880818	-0.863062252061088	-0.147638054098108	0.735012273413897	0.754766647694935	-0.019754374281038	TRUE	FALSE	FALSE	Tier_C	CANDIDATE_NOT_CONFIRMED	REQUIRES_10X_DIAGNOSTICS	0.5	0.05	TRUE	DEPLETION_ONLY	NA
Stfa2l1	Region_2	Region_3	CROSS_MOUSE_DIAGNOSTIC_REFERENCE	1.75240570216236	1.13358210865015	0.463427737613992	0.0017897753853622	0.568940064954237	0.647213114754098	-0.078273049799861	FALSE	TRUE	FALSE	Tier_A	CANDIDATE_NOT_CONFIRMED	REQUIRES_10X_DIAGNOSTICS	0.5	0.05	TRUE	Q20_LOSS_ONLY	NA
Stfa2l1	Region_4	Region_3	WITHIN_MOUSE_TECHNICAL_PAIR	0.517489925175163	1.13358210865015	-0.683024461195134	-0.0140702750657749	0.548032936870997	0.647213114754098	-0.0991801778831011	TRUE	TRUE	FALSE	Tier_A	CANDIDATE_NOT_CONFIRMED	REQUIRES_10X_DIAGNOSTICS	0.5	0.05	TRUE	DEPLETION_AND_Q20_LOSS	NA
Nnat	Region_2	Region_3	CROSS_MOUSE_DIAGNOSTIC_REFERENCE	141.060947667845	69.7918930677039	1.0099931103765	0.117407340875271	0.726056438905601	0.800754125002243	-0.074697686096642	FALSE	TRUE	FALSE	Tier_C	CANDIDATE_NOT_CONFIRMED	REQUIRES_10X_DIAGNOSTICS	0.5	0.05	TRUE	Q20_LOSS_ONLY	NA
Nox4	Region_1	Region_3	CROSS_MOUSE_DIAGNOSTIC_REFERENCE	8.62806184762309	7.28207860151411	0.230153014638019	-0.0289861536561679	0.626333290149847	0.837319084919853	-0.210985794770006	FALSE	TRUE	FALSE	Tier_A	CANDIDATE_NOT_CONFIRMED	REQUIRES_10X_DIAGNOSTICS	0.5	0.05	TRUE	Q20_LOSS_ONLY	NA
Nox4	Region_4	Region_3	WITHIN_MOUSE_TECHNICAL_PAIR	4.56872289063655	7.28207860151411	-0.618533258775868	-0.0397384597386679	0.415714106268057	0.837319084919853	-0.421604978651796	TRUE	TRUE	FALSE	Tier_A	CANDIDATE_NOT_CONFIRMED	REQUIRES_10X_DIAGNOSTICS	0.5	0.05	TRUE	DEPLETION_AND_Q20_LOSS	NA
Ttn	Region_4	Region_3	WITHIN_MOUSE_TECHNICAL_PAIR	0.843892581160203	2.6492300472428	-1.22858132186344	-0.0378411835859917	0.62127929069031	0.834771664868752	-0.213492374178442	TRUE	TRUE	FALSE	Tier_A	CANDIDATE_NOT_CONFIRMED	REQUIRES_10X_DIAGNOSTICS	0.5	0.05	TRUE	DEPLETION_AND_Q20_LOSS	NA
Prap1	Region_1	Region_3	CROSS_MOUSE_DIAGNOSTIC_REFERENCE	0.230579614634888	0.550871644744138	-0.524473062976385	-0.0086078057259417	0.514579759862779	0.682142857142857	-0.167563097280078	TRUE	TRUE	FALSE	Tier_A	CANDIDATE_NOT_CONFIRMED	REQUIRES_10X_DIAGNOSTICS	0.5	0.05	TRUE	DEPLETION_AND_Q20_LOSS	NA
Ube2c	Region_2	Region_3	CROSS_MOUSE_DIAGNOSTIC_REFERENCE	1.87771524082084	2.48222642975221	-0.326813854595248	-0.0220198138774223	0.594907407407407	0.760269470916858	-0.165362063509451	FALSE	TRUE	FALSE	Tier_A	CANDIDATE_NOT_CONFIRMED	REQUIRES_10X_DIAGNOSTICS	0.5	0.05	TRUE	Q20_LOSS_ONLY	NA
Nts	Region_2	Region_3	CROSS_MOUSE_DIAGNOSTIC_REFERENCE	0.574496038772699	1.09393376780706	-0.568931518603667	-0.0136919230908227	0.852150537634409	0.733703703703704	0.118446833930705	TRUE	FALSE	FALSE	Tier_A	CANDIDATE_NOT_CONFIRMED	REQUIRES_10X_DIAGNOSTICS	0.5	0.05	TRUE	DEPLETION_ONLY	NA
S100a4	Region_4	Region_3	WITHIN_MOUSE_TECHNICAL_PAIR	12.8385044687449	25.764212758764	-0.977501423263976	-0.075423729511846	0.919774523126478	0.824558148165329	0.095216374961149	TRUE	FALSE	FALSE	Tier_C	CANDIDATE_NOT_CONFIRMED	REQUIRES_10X_DIAGNOSTICS	0.5	0.05	TRUE	DEPLETION_ONLY	NA
Prg2	Region_2	Region_3	CROSS_MOUSE_DIAGNOSTIC_REFERENCE	1.49600310767656	1.53246844682911	-0.0261189883931066	-0.0095996185517624	0.708386547467007	0.794520547945205	-0.086134000478198	FALSE	TRUE	FALSE	Tier_C	CANDIDATE_NOT_CONFIRMED	REQUIRES_10X_DIAGNOSTICS	0.5	0.05	TRUE	Q20_LOSS_ONLY	NA
Uox	Region_4	Region_3	WITHIN_MOUSE_TECHNICAL_PAIR	0.104229419558248	0.936541869308736	-1.2494317073102	-0.0181022192063392	0.380487804878049	0.571971004487401	-0.191483199609352	TRUE	TRUE	FALSE	Tier_A	CANDIDATE_NOT_CONFIRMED	REQUIRES_10X_DIAGNOSTICS	0.5	0.05	TRUE	DEPLETION_AND_Q20_LOSS	NA
Prom2	Region_4	Region_3	WITHIN_MOUSE_TECHNICAL_PAIR	0.16365847456953	0.496805725412652	-0.586871347948475	-0.00725892365387974	0.178727114210985	0.556477345245692	-0.377750231034707	TRUE	TRUE	FALSE	Tier_A	CANDIDATE_NOT_CONFIRMED	REQUIRES_10X_DIAGNOSTICS	0.5	0.05	TRUE	DEPLETION_AND_Q20_LOSS	NA
Slc25a47	Region_4	Region_3	WITHIN_MOUSE_TECHNICAL_PAIR	2.2391039341943	2.44978687815332	-0.10690671408441	-0.0048201746823192	0.698095893553567	0.789736164736165	-0.091640271182598	FALSE	TRUE	FALSE	Tier_C	CANDIDATE_NOT_CONFIRMED	REQUIRES_10X_DIAGNOSTICS	0.5	0.05	TRUE	Q20_LOSS_ONLY	NA
Sbsn	Region_2	Region_3	CROSS_MOUSE_DIAGNOSTIC_REFERENCE	4.20076130364333	9.98717676539945	-1.15766001476559	-0.0722419964450586	0.991989037630442	0.973700709453886	0.018288328176556	TRUE	FALSE	FALSE	Tier_C	CANDIDATE_NOT_CONFIRMED	REQUIRES_10X_DIAGNOSTICS	0.5	0.05	TRUE	DEPLETION_ONLY	NA
Scg2	Region_1	Region_3	CROSS_MOUSE_DIAGNOSTIC_REFERENCE	0.999448963435026	1.90432182534233	-0.681197599621637	-0.0265769840647101	0.965718453683443	0.90814367973677	0.057574773946673	TRUE	FALSE	FALSE	Tier_C	CANDIDATE_NOT_CONFIRMED	REQUIRES_10X_DIAGNOSTICS	0.5	0.05	TRUE	DEPLETION_ONLY	NA
Pax8	Region_1	Region_3	CROSS_MOUSE_DIAGNOSTIC_REFERENCE	0.560211035556594	0.967179223596578	-0.468693651932858	-0.0133890998360853	0.479407979407979	0.620765027322404	-0.141357047914425	FALSE	TRUE	FALSE	Tier_A	CANDIDATE_NOT_CONFIRMED	REQUIRES_10X_DIAGNOSTICS	0.5	0.05	TRUE	Q20_LOSS_ONLY	NA
Slc4a1	Region_4	Region_3	WITHIN_MOUSE_TECHNICAL_PAIR	0.324574069677001	1.28736961252638	-1.11611700332412	-0.0215213907627225	0.8162100456621	0.684578020643594	0.131632025018506	TRUE	FALSE	FALSE	Tier_C	CANDIDATE_NOT_CONFIRMED	REQUIRES_10X_DIAGNOSTICS	0.5	0.05	TRUE	DEPLETION_ONLY	NA
Them5	Region_2	Region_3	CROSS_MOUSE_DIAGNOSTIC_REFERENCE	0.655465279136637	1.02785319973525	-0.403032023438929	-0.0116048717714997	0.578137028483449	0.680044593088071	-0.101907564604622	FALSE	TRUE	FALSE	Tier_A	CANDIDATE_NOT_CONFIRMED	REQUIRES_10X_DIAGNOSTICS	0.5	0.05	TRUE	Q20_LOSS_ONLY	NA
Pcolce2	Region_2	Region_3	CROSS_MOUSE_DIAGNOSTIC_REFERENCE	16.5466426200875	26.3997876771275	-0.658107160737419	-0.027116998348216	0.958305134618214	0.838058584562754	0.12024655005546	TRUE	FALSE	FALSE	Tier_C	CANDIDATE_NOT_CONFIRMED	REQUIRES_10X_DIAGNOSTICS	0.5	0.05	TRUE	DEPLETION_ONLY	NA
Rhd	Region_4	Region_3	WITHIN_MOUSE_TECHNICAL_PAIR	0.0996579537881497	0.766534589633064	-1.078674754217	-0.01429767662082	0.172661870503597	0.626500461680517	-0.45383859117692	TRUE	TRUE	FALSE	Tier_A	CANDIDATE_NOT_CONFIRMED	REQUIRES_10X_DIAGNOSTICS	0.5	0.05	TRUE	DEPLETION_AND_Q20_LOSS	NA
Scgb3a2	Region_4	Region_3	WITHIN_MOUSE_TECHNICAL_PAIR	0.244116272123266	1.58172850666447	-1.48418195573633	-0.0278783821817933	0.795013850415512	0.855063487147724	-0.060049636732212	TRUE	TRUE	FALSE	Tier_A	CANDIDATE_NOT_CONFIRMED	REQUIRES_10X_DIAGNOSTICS	0.5	0.05	TRUE	DEPLETION_AND_Q20_LOSS	NA
Scin	Region_1	Region_3	CROSS_MOUSE_DIAGNOSTIC_REFERENCE	2.11987103454821	1.71569184011915	0.241738551218237	-0.0092607127349205	0.657730116175156	0.73659454374412	-0.0788644275689641	FALSE	TRUE	FALSE	Tier_A	CANDIDATE_NOT_CONFIRMED	REQUIRES_10X_DIAGNOSTICS	0.5	0.05	TRUE	Q20_LOSS_ONLY	NA
Scin	Region_2	Region_3	CROSS_MOUSE_DIAGNOSTIC_REFERENCE	1.53841556691481	1.71569184011915	-0.120309044080459	-0.0129603101294212	0.630420054200542	0.73659454374412	-0.106174489543578	FALSE	TRUE	FALSE	Tier_A	CANDIDATE_NOT_CONFIRMED	REQUIRES_10X_DIAGNOSTICS	0.5	0.05	TRUE	Q20_LOSS_ONLY	NA
Scin	Region_4	Region_3	WITHIN_MOUSE_TECHNICAL_PAIR	0.214858891194635	1.71569184011915	-1.63202684849835	-0.0308250662208541	0.490630323679727	0.73659454374412	-0.245964220064393	TRUE	TRUE	FALSE	Tier_A	CANDIDATE_NOT_CONFIRMED	REQUIRES_10X_DIAGNOSTICS	0.5	0.05	TRUE	DEPLETION_AND_Q20_LOSS	NA
Wif1	Region_4	Region_3	WITHIN_MOUSE_TECHNICAL_PAIR	0.126172455254722	0.987003394018123	-1.24777598811155	-0.0172825841016886	0.104242424242424	0.560126582278481	-0.455884158036057	TRUE	TRUE	FALSE	Tier_A	CANDIDATE_NOT_CONFIRMED	REQUIRES_10X_DIAGNOSTICS	0.5	0.05	TRUE	DEPLETION_AND_Q20_LOSS	NA
Sostdc1	Region_4	Region_3	WITHIN_MOUSE_TECHNICAL_PAIR	0.224001822734832	1.09273230293303	-1.13743857302029	-0.015650984215632	0.253839205058717	0.678926441351889	-0.425087236293172	TRUE	TRUE	FALSE	Tier_A	CANDIDATE_NOT_CONFIRMED	REQUIRES_10X_DIAGNOSTICS	0.5	0.05	TRUE	DEPLETION_AND_Q20_LOSS	NA
Tmem147	Region_1	Region_3	CROSS_MOUSE_DIAGNOSTIC_REFERENCE	7.34444786615211	12.4603922085964	-0.724365566504475	-0.133295273756428	0.481942171303873	0.828721701349188	-0.346779530045315	TRUE	TRUE	FALSE	Unranked	CANDIDATE_NOT_CONFIRMED	REQUIRES_10X_DIAGNOSTICS	0.5	0.05	TRUE	DEPLETION_AND_Q20_LOSS	NA
Serpina10	Region_2	Region_3	CROSS_MOUSE_DIAGNOSTIC_REFERENCE	0.46075353445193	1.51865160077773	-1.0711536534702	-0.0199359672126417	0.685939553219448	0.683952528379773	0.00198702483967494	TRUE	FALSE	FALSE	Tier_A	CANDIDATE_NOT_CONFIRMED	REQUIRES_10X_DIAGNOSTICS	0.5	0.05	TRUE	DEPLETION_ONLY	NA
Serpina10	Region_4	Region_3	WITHIN_MOUSE_TECHNICAL_PAIR	0.49280401001663	1.51865160077773	-1.023811089559	-0.0163727599850022	0.369369369369369	0.683952528379773	-0.314583159010404	TRUE	TRUE	FALSE	Tier_A	CANDIDATE_NOT_CONFIRMED	REQUIRES_10X_DIAGNOSTICS	0.5	0.05	TRUE	DEPLETION_AND_Q20_LOSS	NA
Serpinb11	Region_1	Region_3	CROSS_MOUSE_DIAGNOSTIC_REFERENCE	0.808652451325171	0.669816667273406	0.16179955126015	-0.0040537910921996	0.265291262135922	0.571907957813998	-0.306616695678076	FALSE	TRUE	FALSE	Tier_C	CANDIDATE_NOT_CONFIRMED	REQUIRES_10X_DIAGNOSTICS	0.5	0.05	TRUE	Q20_LOSS_ONLY	NA
Serpinb11	Region_2	Region_3	CROSS_MOUSE_DIAGNOSTIC_REFERENCE	1.20971900781835	0.669816667273406	0.547476788261064	0.0038309158613744	0.448184818481848	0.571907957813998	-0.12372313933215	FALSE	TRUE	FALSE	Tier_C	CANDIDATE_NOT_CONFIRMED	REQUIRES_10X_DIAGNOSTICS	0.5	0.05	TRUE	Q20_LOSS_ONLY	NA
Rab3b	Region_1	Region_3	CROSS_MOUSE_DIAGNOSTIC_REFERENCE	1.11636257085553	1.20987512815125	-0.0811401198275591	-0.0108623576662874	0.604641693811075	0.664174641148325	-0.05953294733725	FALSE	TRUE	FALSE	Tier_A	CANDIDATE_NOT_CONFIRMED	REQUIRES_10X_DIAGNOSTICS	0.5	0.05	TRUE	Q20_LOSS_ONLY	NA
Serpinb5	Region_2	Region_3	CROSS_MOUSE_DIAGNOSTIC_REFERENCE	2.66041789767223	2.33024112318703	0.159190367476562	-0.0103434632141058	0.701425178147268	0.796567193290423	-0.095142015143155	FALSE	TRUE	FALSE	Tier_A	CANDIDATE_NOT_CONFIRMED	REQUIRES_10X_DIAGNOSTICS	0.5	0.05	TRUE	Q20_LOSS_ONLY	NA
Podxl	Region_1	Region_3	CROSS_MOUSE_DIAGNOSTIC_REFERENCE	4.6099684925947	19.941313246763	-2.00010158398247	-0.159467520464142	0.875138666337976	0.803064119538491	0.072074546799485	TRUE	FALSE	FALSE	Tier_C	CANDIDATE_NOT_CONFIRMED	REQUIRES_10X_DIAGNOSTICS	0.5	0.05	TRUE	DEPLETION_ONLY	NA
Podxl	Region_2	Region_3	CROSS_MOUSE_DIAGNOSTIC_REFERENCE	13.178707788759	19.941313246763	-0.579555937836354	-0.083364371937851	0.888379125175955	0.803064119538491	0.085315005637464	TRUE	FALSE	FALSE	Tier_C	CANDIDATE_NOT_CONFIRMED	REQUIRES_10X_DIAGNOSTICS	0.5	0.05	TRUE	DEPLETION_ONLY	NA
Rac2	Region_1	Region_3	CROSS_MOUSE_DIAGNOSTIC_REFERENCE	20.2910060878702	47.7660382644936	-1.21504884079941	-0.157722659646456	0.887170377630088	0.822336277476828	0.06483410015326	TRUE	FALSE	FALSE	Tier_A	CANDIDATE_NOT_CONFIRMED	REQUIRES_10X_DIAGNOSTICS	0.5	0.05	TRUE	DEPLETION_ONLY	NA
Sfta2	Region_1	Region_3	CROSS_MOUSE_DIAGNOSTIC_REFERENCE	0.656827141688819	0.752117011144668	-0.114196082783073	-0.00756501192303722	0.523162445954293	0.58726625111309	-0.0641038051587971	FALSE	TRUE	FALSE	Tier_A	CANDIDATE_NOT_CONFIRMED	REQUIRES_10X_DIAGNOSTICS	0.5	0.05	TRUE	Q20_LOSS_ONLY	NA
Rac2	Region_4	Region_3	WITHIN_MOUSE_TECHNICAL_PAIR	4.95181172217081	47.7660382644936	-3.14620076869502	-0.271809529595683	0.379225953329539	0.822336277476828	-0.443110324147289	TRUE	TRUE	FALSE	Tier_A	CANDIDATE_NOT_CONFIRMED	REQUIRES_10X_DIAGNOSTICS	0.5	0.05	TRUE	DEPLETION_AND_Q20_LOSS	NA
Stfa2l1	Region_1	Region_3	CROSS_MOUSE_DIAGNOSTIC_REFERENCE	1.39809188873689	1.13358210865015	0.21651086581715	-0.0067416785350408	0.556174558960074	0.647213114754098	-0.0910385557940241	FALSE	TRUE	FALSE	Tier_A	CANDIDATE_NOT_CONFIRMED	REQUIRES_10X_DIAGNOSTICS	0.5	0.05	TRUE	Q20_LOSS_ONLY	NA
Satb1	Region_2	Region_3	CROSS_MOUSE_DIAGNOSTIC_REFERENCE	4.18051899355234	12.1408025521036	-1.43334764646587	-0.123292679310672	0.795067202438686	0.726858029480217	0.068209172958469	TRUE	FALSE	FALSE	Tier_A	CANDIDATE_NOT_CONFIRMED	REQUIRES_10X_DIAGNOSTICS	0.5	0.05	TRUE	DEPLETION_ONLY	NA
Slc27a2	Region_1	Region_3	CROSS_MOUSE_DIAGNOSTIC_REFERENCE	1.39809188873689	5.58981532643861	-1.68184864256953	-0.0673097515933758	0.961780104712042	0.974798856306935	-0.013018751594893	TRUE	FALSE	FALSE	Tier_C	CANDIDATE_NOT_CONFIRMED	REQUIRES_10X_DIAGNOSTICS	0.5	0.05	TRUE	DEPLETION_ONLY	NA
Upk3b	Region_1	Region_3	CROSS_MOUSE_DIAGNOSTIC_REFERENCE	1.00756796395034	0.857845920059573	0.150903262173127	-0.0051211252224424	0.573339085418464	0.639351259069569	-0.066012173651105	FALSE	TRUE	FALSE	Tier_A	CANDIDATE_NOT_CONFIRMED	REQUIRES_10X_DIAGNOSTICS	0.5	0.05	TRUE	Q20_LOSS_ONLY	NA
Slc14a1	Region_1	Region_3	CROSS_MOUSE_DIAGNOSTIC_REFERENCE	3.13718179911693	2.92136184121128	0.088250347807717	-0.0193566129240441	0.485805495382511	0.667899408284024	-0.182093912901513	FALSE	TRUE	FALSE	Tier_A	CANDIDATE_NOT_CONFIRMED	REQUIRES_10X_DIAGNOSTICS	0.5	0.05	TRUE	Q20_LOSS_ONLY	NA
Ppp1r1a	Region_2	Region_3	CROSS_MOUSE_DIAGNOSTIC_REFERENCE	3.48746085281816	11.6746341809788	-1.61033616308009	-0.127477118454045	0.453027981614386	0.778968519758875	-0.325940538144489	TRUE	TRUE	FALSE	Tier_C	CANDIDATE_NOT_CONFIRMED	REQUIRES_10X_DIAGNOSTICS	0.5	0.05	TRUE	DEPLETION_AND_Q20_LOSS	NA
Ppp1r1a	Region_4	Region_3	WITHIN_MOUSE_TECHNICAL_PAIR	19.1324985410167	11.6746341809788	0.689365366509604	0.097457257631839	0.672790494430912	0.778968519758875	-0.106178025327963	FALSE	TRUE	FALSE	Tier_C	CANDIDATE_NOT_CONFIRMED	REQUIRES_10X_DIAGNOSTICS	0.5	0.05	TRUE	Q20_LOSS_ONLY	NA
Rbp7	Region_1	Region_3	CROSS_MOUSE_DIAGNOSTIC_REFERENCE	3.84353484394916	6.86276736047659	-0.76137850684605	-0.0578818470296762	0.613329330531372	0.839888244143563	-0.226558913612191	TRUE	TRUE	FALSE	Tier_C	CANDIDATE_NOT_CONFIRMED	REQUIRES_10X_DIAGNOSTICS	0.5	0.05	TRUE	DEPLETION_AND_Q20_LOSS	NA
Rbp7	Region_2	Region_3	CROSS_MOUSE_DIAGNOSTIC_REFERENCE	4.29136973928868	6.86276736047659	-0.619809970439069	-0.0455122451394988	0.836280005749605	0.839888244143563	-0.00360823839395796	TRUE	FALSE	FALSE	Tier_C	CANDIDATE_NOT_CONFIRMED	REQUIRES_10X_DIAGNOSTICS	0.5	0.05	TRUE	DEPLETION_ONLY	NA
Rbp7	Region_4	Region_3	WITHIN_MOUSE_TECHNICAL_PAIR	6.41742364806443	6.86276736047659	-0.0900133027606554	-0.0146183781640747	0.629822952669817	0.839888244143563	-0.210065291473746	FALSE	TRUE	FALSE	Tier_C	CANDIDATE_NOT_CONFIRMED	REQUIRES_10X_DIAGNOSTICS	0.5	0.05	TRUE	Q20_LOSS_ONLY	NA
Prg2	Region_1	Region_3	CROSS_MOUSE_DIAGNOSTIC_REFERENCE	1.46872719322011	1.53246844682911	-0.0459697446214696	-0.0132379498291422	0.688400576368876	0.794520547945205	-0.106119971576329	FALSE	TRUE	FALSE	Tier_C	CANDIDATE_NOT_CONFIRMED	REQUIRES_10X_DIAGNOSTICS	0.5	0.05	TRUE	Q20_LOSS_ONLY	NA
Reg3g	Region_4	Region_3	WITHIN_MOUSE_TECHNICAL_PAIR	0.121600989484623	1.02785319973525	-1.29744522660508	-0.0192779796006023	0.721774193548387	0.892021022455805	-0.170246828907418	TRUE	TRUE	FALSE	Tier_A	CANDIDATE_NOT_CONFIRMED	REQUIRES_10X_DIAGNOSTICS	0.5	0.05	TRUE	DEPLETION_AND_Q20_LOSS	NA
Prg2	Region_4	Region_3	WITHIN_MOUSE_TECHNICAL_PAIR	0.416003385078973	1.53246844682911	-1.14980812036766	-0.0235403300707268	0.751104565537555	0.794520547945205	-0.04341598240765	TRUE	FALSE	FALSE	Tier_C	CANDIDATE_NOT_CONFIRMED	REQUIRES_10X_DIAGNOSTICS	0.5	0.05	TRUE	DEPLETION_ONLY	NA
Tfcp2l1	Region_4	Region_3	WITHIN_MOUSE_TECHNICAL_PAIR	0.423317730311131	1.18043923873744	-0.86393928282297	-0.0164025385638822	0.571976967370441	0.611126720989042	-0.039149753618601	TRUE	FALSE	FALSE	Tier_C	CANDIDATE_NOT_CONFIRMED	REQUIRES_10X_DIAGNOSTICS	0.5	0.05	TRUE	DEPLETION_ONLY	NA
Slc22a8	Region_2	Region_3	CROSS_MOUSE_DIAGNOSTIC_REFERENCE	1.14995599707354	1.09333303537004	0.0503797018396656	-0.0058821251323802	0.56918505942275	0.706831831831832	-0.137646772409082	FALSE	TRUE	FALSE	Tier_A	CANDIDATE_NOT_CONFIRMED	REQUIRES_10X_DIAGNOSTICS	0.5	0.05	TRUE	Q20_LOSS_ONLY	NA
Slc22a8	Region_4	Region_3	WITHIN_MOUSE_TECHNICAL_PAIR	0.234059047429049	1.09333303537004	-1.11807982500561	-0.0183679925193017	0.364559819413093	0.706831831831832	-0.342272012418739	TRUE	TRUE	FALSE	Tier_A	CANDIDATE_NOT_CONFIRMED	REQUIRES_10X_DIAGNOSTICS	0.5	0.05	TRUE	DEPLETION_AND_Q20_LOSS	NA
Sox17	Region_4	Region_3	WITHIN_MOUSE_TECHNICAL_PAIR	2.36619068260304	5.05936858455303	-0.955786442781923	-0.0458105432355833	0.859786700125471	0.811731742588576	0.0480549575368949	TRUE	FALSE	FALSE	Tier_C	CANDIDATE_NOT_CONFIRMED	REQUIRES_10X_DIAGNOSTICS	0.5	0.05	TRUE	DEPLETION_ONLY	NA
Thbs4	Region_4	Region_3	WITHIN_MOUSE_TECHNICAL_PAIR	1.33669659117683	1.81120829760477	-0.331533965050164	-0.0157308496940193	0.735603042375951	0.798495323302155	-0.062892280926204	FALSE	TRUE	FALSE	Tier_C	CANDIDATE_NOT_CONFIRMED	REQUIRES_10X_DIAGNOSTICS	0.5	0.05	TRUE	Q20_LOSS_ONLY	NA
Them5	Region_1	Region_3	CROSS_MOUSE_DIAGNOSTIC_REFERENCE	1.16832417415354	1.02785319973525	0.126893715902891	-0.0064559996062041	0.534398888116748	0.680044593088071	-0.145645704971323	FALSE	TRUE	FALSE	Tier_A	CANDIDATE_NOT_CONFIRMED	REQUIRES_10X_DIAGNOSTICS	0.5	0.05	TRUE	Q20_LOSS_ONLY	NA
Scg3	Region_4	Region_3	WITHIN_MOUSE_TECHNICAL_PAIR	1.28732476085977	2.69368424758202	-0.837419884692081	-0.0293156989507441	0.745521172638437	0.721576817647827	0.02394435499061	TRUE	FALSE	FALSE	Tier_C	CANDIDATE_NOT_CONFIRMED	REQUIRES_10X_DIAGNOSTICS	0.5	0.05	TRUE	DEPLETION_ONLY	NA
Them5	Region_4	Region_3	WITHIN_MOUSE_TECHNICAL_PAIR	0.127086748408741	1.02785319973525	-1.28476899399395	-0.0188559635060339	0.240506329113924	0.680044593088071	-0.439538263974147	TRUE	TRUE	FALSE	Tier_A	CANDIDATE_NOT_CONFIRMED	REQUIRES_10X_DIAGNOSTICS	0.5	0.05	TRUE	DEPLETION_AND_Q20_LOSS	NA
Scg5	Region_4	Region_3	WITHIN_MOUSE_TECHNICAL_PAIR	0.307202499750627	2.33564771512018	-1.81267576410203	-0.0431649738580039	0.377220480668757	0.808820633983068	-0.431600153314311	TRUE	TRUE	FALSE	Tier_A	CANDIDATE_NOT_CONFIRMED	REQUIRES_10X_DIAGNOSTICS	0.5	0.05	TRUE	DEPLETION_AND_Q20_LOSS	NA
Rho	Region_2	Region_3	CROSS_MOUSE_DIAGNOSTIC_REFERENCE	0.951388574276265	1.36005823740537	-0.357913974122114	-0.0145336683376668	0.442182410423453	0.609137055837564	-0.166954645414111	FALSE	TRUE	FALSE	Tier_A	CANDIDATE_NOT_CONFIRMED	REQUIRES_10X_DIAGNOSTICS	0.5	0.05	TRUE	Q20_LOSS_ONLY	NA
Rho	Region_4	Region_3	WITHIN_MOUSE_TECHNICAL_PAIR	0.218516063810714	1.36005823740537	-1.37225547564999	-0.0242220421798931	0.400630914826498	0.609137055837564	-0.208506141011066	TRUE	TRUE	FALSE	Tier_A	CANDIDATE_NOT_CONFIRMED	REQUIRES_10X_DIAGNOSTICS	0.5	0.05	TRUE	DEPLETION_AND_Q20_LOSS	NA
Snap25	Region_4	Region_3	WITHIN_MOUSE_TECHNICAL_PAIR	0.42788919608123	0.60734049382369	-0.255074460355945	-0.00443022965760782	0.274823529411765	0.442253521126761	-0.167429991714996	FALSE	TRUE	FALSE	Tier_C	CANDIDATE_NOT_CONFIRMED	REQUIRES_10X_DIAGNOSTICS	0.5	0.05	TRUE	Q20_LOSS_ONLY	NA
Ptn	Region_2	Region_3	CROSS_MOUSE_DIAGNOSTIC_REFERENCE	8.62515193781562	5.90459912343526	0.510740308342303	-0.0194673250108943	0.717984702827872	0.802627860977677	-0.0846431581498051	FALSE	TRUE	FALSE	Tier_A	CANDIDATE_NOT_CONFIRMED	REQUIRES_10X_DIAGNOSTICS	0.5	0.05	TRUE	Q20_LOSS_ONLY	NA
Ptn	Region_4	Region_3	WITHIN_MOUSE_TECHNICAL_PAIR	1.09623749166965	5.90459912343526	-2.00443295742709	-0.0740234148656285	0.359631657541065	0.802627860977677	-0.442996203436612	TRUE	TRUE	FALSE	Tier_A	CANDIDATE_NOT_CONFIRMED	REQUIRES_10X_DIAGNOSTICS	0.5	0.05	TRUE	DEPLETION_AND_Q20_LOSS	NA
Tm4sf4	Region_1	Region_3	CROSS_MOUSE_DIAGNOSTIC_REFERENCE	2.01757162805527	1.89471010635007	0.0721818054230007	-0.0139978340574773	0.637872132747682	0.720288903479974	-0.082416770732292	FALSE	TRUE	FALSE	Tier_A	CANDIDATE_NOT_CONFIRMED	REQUIRES_10X_DIAGNOSTICS	0.5	0.05	TRUE	Q20_LOSS_ONLY	NA
Wif1	Region_2	Region_3	CROSS_MOUSE_DIAGNOSTIC_REFERENCE	0.922470988432002	0.987003394018123	-0.0640087114899067	-0.0066772196978557	0.447963800904977	0.560126582278481	-0.112162781373504	FALSE	TRUE	FALSE	Tier_A	CANDIDATE_NOT_CONFIRMED	REQUIRES_10X_DIAGNOSTICS	0.5	0.05	TRUE	Q20_LOSS_ONLY	NA
Satb1	Region_4	Region_3	WITHIN_MOUSE_TECHNICAL_PAIR	2.30584733443774	12.1408025521036	-2.17157964223729	-0.134316185738864	0.454077253218884	0.726858029480217	-0.272780776261333	TRUE	TRUE	FALSE	Tier_A	CANDIDATE_NOT_CONFIRMED	REQUIRES_10X_DIAGNOSTICS	0.5	0.05	TRUE	DEPLETION_AND_Q20_LOSS	NA
Pygm	Region_1	Region_3	CROSS_MOUSE_DIAGNOSTIC_REFERENCE	2.34233164866779	2.90514206541183	-0.260640089146116	-0.0268757301400791	0.607981668894405	0.770240397899972	-0.162258729005567	FALSE	TRUE	FALSE	Tier_C	CANDIDATE_NOT_CONFIRMED	REQUIRES_10X_DIAGNOSTICS	0.5	0.05	TRUE	Q20_LOSS_ONLY	NA
Pygm	Region_2	Region_3	CROSS_MOUSE_DIAGNOSTIC_REFERENCE	1.54227124502738	2.90514206541183	-0.737540498923801	-0.0334070392084648	0.878120411160059	0.770240397899972	0.107880013260087	TRUE	FALSE	FALSE	Tier_C	CANDIDATE_NOT_CONFIRMED	REQUIRES_10X_DIAGNOSTICS	0.5	0.05	TRUE	DEPLETION_ONLY	NA
Pygm	Region_4	Region_3	WITHIN_MOUSE_TECHNICAL_PAIR	0.847549753776282	2.90514206541183	-1.3373764492928	-0.0389727421174886	0.758374910905203	0.770240397899972	-0.011865486994769	TRUE	FALSE	FALSE	Tier_C	CANDIDATE_NOT_CONFIRMED	REQUIRES_10X_DIAGNOSTICS	0.5	0.05	TRUE	DEPLETION_ONLY	NA
Tmem59l	Region_1	Region_3	CROSS_MOUSE_DIAGNOSTIC_REFERENCE	0.887406756323707	0.601933901890541	0.33235312700595	-0.0013760298448152	0.391737032569361	0.491841491841492	-0.100104459272131	FALSE	TRUE	FALSE	Tier_A	CANDIDATE_NOT_CONFIRMED	REQUIRES_10X_DIAGNOSTICS	0.5	0.05	TRUE	Q20_LOSS_ONLY	NA
Rab3b	Region_4	Region_3	WITHIN_MOUSE_TECHNICAL_PAIR	0.335545587525238	1.20987512815125	-1.03310051995865	-0.018302521027791	0.306637806637807	0.664174641148325	-0.357536834510518	TRUE	TRUE	FALSE	Tier_A	CANDIDATE_NOT_CONFIRMED	REQUIRES_10X_DIAGNOSTICS	0.5	0.05	TRUE	DEPLETION_AND_Q20_LOSS	NA
Tnfaip6	Region_4	Region_3	WITHIN_MOUSE_TECHNICAL_PAIR	1.83772923957964	4.98968362185912	-1.23161516333956	-0.0499570588241649	0.463447479799923	0.821691622824767	-0.358244143024844	TRUE	TRUE	FALSE	Tier_A	CANDIDATE_NOT_CONFIRMED	REQUIRES_10X_DIAGNOSTICS	0.5	0.05	TRUE	DEPLETION_AND_Q20_LOSS	NA
Serpinb5	Region_4	Region_3	WITHIN_MOUSE_TECHNICAL_PAIR	0.671091175050476	2.33024112318703	-1.27307156817969	-0.0350445862944599	0.630170316301703	0.796567193290423	-0.16639687698872	TRUE	TRUE	FALSE	Tier_A	CANDIDATE_NOT_CONFIRMED	REQUIRES_10X_DIAGNOSTICS	0.5	0.05	TRUE	DEPLETION_AND_Q20_LOSS	NA
Serpinf1	Region_1	Region_3	CROSS_MOUSE_DIAGNOSTIC_REFERENCE	37.8402257017191	25.7936486481778	0.544144477931537	-0.009396816776648	0.573506112856803	0.690835145365225	-0.117329032508422	FALSE	TRUE	FALSE	Tier_C	CANDIDATE_NOT_CONFIRMED	REQUIRES_10X_DIAGNOSTICS	0.5	0.05	TRUE	Q20_LOSS_ONLY	NA
Rac2	Region_2	Region_3	CROSS_MOUSE_DIAGNOSTIC_REFERENCE	12.5878251180078	47.7660382644936	-1.88278303750979	-0.210448875395637	0.835052620610607	0.822336277476828	0.012716343133779	TRUE	FALSE	FALSE	Tier_A	CANDIDATE_NOT_CONFIRMED	REQUIRES_10X_DIAGNOSTICS	0.5	0.05	TRUE	DEPLETION_ONLY	NA
Tfcp2l1	Region_1	Region_3	CROSS_MOUSE_DIAGNOSTIC_REFERENCE	0.834633252974173	1.18043923873744	-0.332395023880225	-0.0144331721839935	0.50597779675491	0.611126720989042	-0.105148924234132	FALSE	TRUE	FALSE	Tier_C	CANDIDATE_NOT_CONFIRMED	REQUIRES_10X_DIAGNOSTICS	0.5	0.05	TRUE	Q20_LOSS_ONLY	NA
Slc22a6	Region_4	Region_3	WITHIN_MOUSE_TECHNICAL_PAIR	0.183772923957964	0.610944888445789	-0.700198048373054	-0.00929043137886945	0.357262103505843	0.626470588235294	-0.269208484729451	TRUE	TRUE	FALSE	Tier_A	CANDIDATE_NOT_CONFIRMED	REQUIRES_10X_DIAGNOSTICS	0.5	0.05	TRUE	DEPLETION_AND_Q20_LOSS	NA
Tcf15	Region_4	Region_3	WITHIN_MOUSE_TECHNICAL_PAIR	1.23063858531055	1.7577431107103	-0.38357686988813	-0.0107625877850551	0.44198250728863	0.717045001991239	-0.275062494702609	FALSE	TRUE	FALSE	Tier_C	CANDIDATE_NOT_CONFIRMED	REQUIRES_10X_DIAGNOSTICS	0.5	0.05	TRUE	Q20_LOSS_ONLY	NA
Sostdc1	Region_2	Region_3	CROSS_MOUSE_DIAGNOSTIC_REFERENCE	0.901264758812875	1.09273230293303	-0.184774239262984	-0.0075172289591186	0.520020273694881	0.678926441351889	-0.158906167657008	FALSE	TRUE	FALSE	Tier_A	CANDIDATE_NOT_CONFIRMED	REQUIRES_10X_DIAGNOSTICS	0.5	0.05	TRUE	Q20_LOSS_ONLY	NA
Upk1a	Region_4	Region_3	WITHIN_MOUSE_TECHNICAL_PAIR	0.431546368697309	0.962373364100446	-0.650612210547152	-0.0114908986185599	0.323659305993691	0.710272536687631	-0.38661323069394	TRUE	TRUE	FALSE	Tier_A	CANDIDATE_NOT_CONFIRMED	REQUIRES_10X_DIAGNOSTICS	0.5	0.05	TRUE	DEPLETION_AND_Q20_LOSS	NA
Stmn1	Region_1	Region_3	CROSS_MOUSE_DIAGNOSTIC_REFERENCE	8.1433575168589	20.3083607657801	-1.26749957535472	-0.182909264207259	0.991298794603656	0.971421873168445	0.019876921435211	TRUE	FALSE	FALSE	Tier_C	CANDIDATE_NOT_CONFIRMED	REQUIRES_10X_DIAGNOSTICS	0.5	0.05	TRUE	DEPLETION_ONLY	NA
Rbp1	Region_4	Region_3	WITHIN_MOUSE_TECHNICAL_PAIR	1.8267577217314	4.2141380456708	-1.01867301104729	-0.0419345159473967	0.802888955762865	0.810702398224802	-0.00781344246193694	TRUE	FALSE	FALSE	Tier_C	CANDIDATE_NOT_CONFIRMED	REQUIRES_10X_DIAGNOSTICS	0.5	0.05	TRUE	DEPLETION_ONLY	NA
Rbp2	Region_4	Region_3	WITHIN_MOUSE_TECHNICAL_PAIR	0.224001822734832	0.84643200375626	-0.895076139519538	-0.0134321971898199	0.418918918918919	0.660579064587973	-0.241660145669054	TRUE	TRUE	FALSE	Tier_A	CANDIDATE_NOT_CONFIRMED	REQUIRES_10X_DIAGNOSTICS	0.5	0.05	TRUE	DEPLETION_AND_Q20_LOSS	NA
Slc14a2	Region_4	Region_3	WITHIN_MOUSE_TECHNICAL_PAIR	0.315431138136804	1.77035849188765	-1.47728516460886	-0.0308316415683766	0.312753858651503	0.614059405940594	-0.301305547289091	TRUE	TRUE	FALSE	Tier_A	CANDIDATE_NOT_CONFIRMED	REQUIRES_10X_DIAGNOSTICS	0.5	0.05	TRUE	DEPLETION_AND_Q20_LOSS	NA
Tubb3	Region_1	Region_3	CROSS_MOUSE_DIAGNOSTIC_REFERENCE	1.69281160744275	2.67025568253838	-0.531817328989548	-0.0331677605650739	0.881510813280536	0.657370058776075	0.224140754504461	TRUE	FALSE	FALSE	Tier_C	CANDIDATE_NOT_CONFIRMED	REQUIRES_10X_DIAGNOSTICS	0.5	0.05	TRUE	DEPLETION_ONLY	NA
Tagln	Region_4	Region_3	WITHIN_MOUSE_TECHNICAL_PAIR	6.19799329109969	10.7639238064618	-0.749908644059812	-0.0296778282961979	0.671130590049509	0.734502958933588	-0.0633723688840789	TRUE	TRUE	FALSE	Tier_A	CANDIDATE_NOT_CONFIRMED	REQUIRES_10X_DIAGNOSTICS	0.5	0.05	TRUE	DEPLETION_AND_Q20_LOSS	NA
Reg3g	Region_1	Region_3	CROSS_MOUSE_DIAGNOSTIC_REFERENCE	0.41325712622943	1.02785319973525	-0.74241292076787	-0.0164777808850026	0.924031007751938	0.892021022455805	0.0320099852961331	TRUE	FALSE	FALSE	Tier_A	CANDIDATE_NOT_CONFIRMED	REQUIRES_10X_DIAGNOSTICS	0.5	0.05	TRUE	DEPLETION_ONLY	NA
Ucma	Region_2	Region_3	CROSS_MOUSE_DIAGNOSTIC_REFERENCE	1.295507845823	1.31199964244405	-0.0131907135471616	-0.0084131211529674	0.638116591928251	0.760013240648792	-0.121896648720541	FALSE	TRUE	FALSE	Tier_A	CANDIDATE_NOT_CONFIRMED	REQUIRES_10X_DIAGNOSTICS	0.5	0.05	TRUE	Q20_LOSS_ONLY	NA
Tm4sf20	Region_4	Region_3	WITHIN_MOUSE_TECHNICAL_PAIR	0.46080374962594	1.78177240819096	-1.24784121303051	-0.0277984086706843	0.493617021276596	0.703493647912886	-0.20987662663629	TRUE	TRUE	FALSE	Tier_A	CANDIDATE_NOT_CONFIRMED	REQUIRES_10X_DIAGNOSTICS	0.5	0.05	TRUE	DEPLETION_AND_Q20_LOSS	NA
Vsx2	Region_4	Region_3	WITHIN_MOUSE_TECHNICAL_PAIR	0.273373653051897	1.35825604009432	-1.26471177609414	-0.0227864722451212	0.363841807909605	0.719768504416692	-0.355926696507087	TRUE	TRUE	FALSE	Tier_A	CANDIDATE_NOT_CONFIRMED	REQUIRES_10X_DIAGNOSTICS	0.5	0.05	TRUE	DEPLETION_AND_Q20_LOSS	NA
Ube2c	Region_4	Region_3	WITHIN_MOUSE_TECHNICAL_PAIR	0.749720386296172	2.48222642975221	-1.25478445949354	-0.0356507395856044	0.513487475915222	0.760269470916858	-0.246781995001636	TRUE	TRUE	FALSE	Tier_A	CANDIDATE_NOT_CONFIRMED	REQUIRES_10X_DIAGNOSTICS	0.5	0.05	TRUE	DEPLETION_AND_Q20_LOSS	NA
Tmem213	Region_4	Region_3	WITHIN_MOUSE_TECHNICAL_PAIR	0.088686435939913	0.361640927083938	-0.549587391519884	-0.00577444602422464	0.101599247412982	0.508716323296355	-0.407117075883373	TRUE	TRUE	FALSE	Tier_A	CANDIDATE_NOT_CONFIRMED	REQUIRES_10X_DIAGNOSTICS	0.5	0.05	TRUE	DEPLETION_AND_Q20_LOSS	NA
Tmem212	Region_4	Region_3	WITHIN_MOUSE_TECHNICAL_PAIR	0.615319292655273	2.24974297662682	-1.30183999088393	-0.0343081162438678	0.778265642151482	0.829419299743809	-0.051153657592327	TRUE	TRUE	FALSE	Tier_A	CANDIDATE_NOT_CONFIRMED	REQUIRES_10X_DIAGNOSTICS	0.5	0.05	TRUE	DEPLETION_AND_Q20_LOSS	NA
Upk3b	Region_4	Region_3	WITHIN_MOUSE_TECHNICAL_PAIR	0.317259724444844	0.857845920059573	-0.732453237168828	-0.0122333617386149	0.34083044982699	0.639351259069569	-0.298520809242579	TRUE	TRUE	FALSE	Tier_A	CANDIDATE_NOT_CONFIRMED	REQUIRES_10X_DIAGNOSTICS	0.5	0.05	TRUE	DEPLETION_AND_Q20_LOSS	NA
Scg2	Region_4	Region_3	WITHIN_MOUSE_TECHNICAL_PAIR	0.103315126404229	1.90432182534233	-1.99464635843593	-0.0374088329713963	0.881944444444444	0.90814367973677	-0.026199235292326	TRUE	FALSE	FALSE	Tier_C	CANDIDATE_NOT_CONFIRMED	REQUIRES_10X_DIAGNOSTICS	0.5	0.05	TRUE	DEPLETION_ONLY	NA
Vsx2	Region_1	Region_3	CROSS_MOUSE_DIAGNOSTIC_REFERENCE	0.716095845450603	1.35825604009432	-0.611692359458924	-0.0193916176810102	0.631827376938638	0.719768504416692	-0.087941127478054	TRUE	TRUE	FALSE	Tier_A	CANDIDATE_NOT_CONFIRMED	REQUIRES_10X_DIAGNOSTICS	0.5	0.05	TRUE	DEPLETION_AND_Q20_LOSS	NA
Scg5	Region_2	Region_3	CROSS_MOUSE_DIAGNOSTIC_REFERENCE	1.42563698212218	2.33564771512018	-0.558342557067337	-0.0276015325230393	0.526280991735537	0.808820633983068	-0.282539642247531	TRUE	TRUE	FALSE	Tier_A	CANDIDATE_NOT_CONFIRMED	REQUIRES_10X_DIAGNOSTICS	0.5	0.05	TRUE	DEPLETION_AND_Q20_LOSS	NA
Vsnl1	Region_1	Region_3	CROSS_MOUSE_DIAGNOSTIC_REFERENCE	1.65302850491772	1.34143553185786	0.225536530350926	-0.0068654256228062	0.660746538229982	0.753312302839117	-0.092565764609135	FALSE	TRUE	FALSE	Tier_A	CANDIDATE_NOT_CONFIRMED	REQUIRES_10X_DIAGNOSTICS	0.5	0.05	TRUE	Q20_LOSS_ONLY	NA
Vsnl1	Region_4	Region_3	WITHIN_MOUSE_TECHNICAL_PAIR	0.234059047429049	1.34143553185786	-1.32686286708629	-0.0233198535962527	0.536231884057971	0.753312302839117	-0.217080418781146	TRUE	TRUE	FALSE	Tier_A	CANDIDATE_NOT_CONFIRMED	REQUIRES_10X_DIAGNOSTICS	0.5	0.05	TRUE	DEPLETION_AND_Q20_LOSS	NA
Sox2	Region_2	Region_3	CROSS_MOUSE_DIAGNOSTIC_REFERENCE	1.06416715906889	2.09355254300253	-0.729534899181819	-0.0276023692633721	0.864041604754829	0.768167539267016	0.0958740654878131	TRUE	FALSE	FALSE	Tier_C	CANDIDATE_NOT_CONFIRMED	REQUIRES_10X_DIAGNOSTICS	0.5	0.05	TRUE	DEPLETION_ONLY	NA
Timp4	Region_4	Region_3	WITHIN_MOUSE_TECHNICAL_PAIR	32.4683784855484	24.4323889458984	0.403061807223799	0.051020347999764	0.754656368545162	0.858132288517307	-0.103475919972145	FALSE	TRUE	FALSE	Tier_C	CANDIDATE_NOT_CONFIRMED	REQUIRES_10X_DIAGNOSTICS	0.5	0.05	TRUE	Q20_LOSS_ONLY	NA
Slc17a7	Region_4	Region_3	WITHIN_MOUSE_TECHNICAL_PAIR	0.109715178482367	0.961171899226413	-1.26091854709153	-0.0183379868885995	0.201741654571843	0.732057416267943	-0.5303157616961	TRUE	TRUE	FALSE	Tier_A	CANDIDATE_NOT_CONFIRMED	REQUIRES_10X_DIAGNOSTICS	0.5	0.05	TRUE	DEPLETION_AND_Q20_LOSS	NA
Tat	Region_4	Region_3	WITHIN_MOUSE_TECHNICAL_PAIR	0.318174017598863	0.580908266594963	-0.401764463098017	-0.00622803147736599	0.616149068322981	0.690121786197564	-0.073972717874583	FALSE	TRUE	FALSE	Tier_C	CANDIDATE_NOT_CONFIRMED	REQUIRES_10X_DIAGNOSTICS	0.5	0.05	TRUE	Q20_LOSS_ONLY	NA
Sypl2	Region_4	Region_3	WITHIN_MOUSE_TECHNICAL_PAIR	0.456232283855841	1.37988240782692	-0.9752094007091	-0.0197345148963665	0.461593172119488	0.647313470842883	-0.185720298723395	TRUE	TRUE	FALSE	Tier_A	CANDIDATE_NOT_CONFIRMED	REQUIRES_10X_DIAGNOSTICS	0.5	0.05	TRUE	DEPLETION_AND_Q20_LOSS	NA
Rsad2	Region_2	Region_3	CROSS_MOUSE_DIAGNOSTIC_REFERENCE	10.5385322011777	18.2796873259753	-0.766624693885489	-0.090801720990691	0.774338374291115	0.831906911966215	-0.0575685376751001	TRUE	TRUE	FALSE	Tier_C	CANDIDATE_NOT_CONFIRMED	REQUIRES_10X_DIAGNOSTICS	0.5	0.05	TRUE	DEPLETION_AND_Q20_LOSS	NA
Upk1a	Region_1	Region_3	CROSS_MOUSE_DIAGNOSTIC_REFERENCE	1.17319557446272	0.962373364100446	0.194294388954844	-0.0052568949975554	0.602129337539432	0.710272536687631	-0.108143199148199	FALSE	TRUE	FALSE	Tier_A	CANDIDATE_NOT_CONFIRMED	REQUIRES_10X_DIAGNOSTICS	0.5	0.05	TRUE	Q20_LOSS_ONLY	NA
Sypl2	Region_1	Region_3	CROSS_MOUSE_DIAGNOSTIC_REFERENCE	2.41296695315101	1.37988240782692	0.631846914665043	0.0016828003027138	0.540885719024714	0.647313470842883	-0.106427751818169	FALSE	TRUE	FALSE	Tier_A	CANDIDATE_NOT_CONFIRMED	REQUIRES_10X_DIAGNOSTICS	0.5	0.05	TRUE	Q20_LOSS_ONLY	NA
Timp4	Region_1	Region_3	CROSS_MOUSE_DIAGNOSTIC_REFERENCE	9.59747050915145	24.4323889458984	-1.30402719162928	-0.143910774039963	0.616318913296212	0.858132288517307	-0.241813375221095	TRUE	TRUE	FALSE	Tier_C	CANDIDATE_NOT_CONFIRMED	REQUIRES_10X_DIAGNOSTICS	0.5	0.05	TRUE	DEPLETION_AND_Q20_LOSS	NA
Timp3	Region_2	Region_3	CROSS_MOUSE_DIAGNOSTIC_REFERENCE	5.84231626006934	59.1811560326813	-3.23419375663379	-0.343547886448759	0.987709260436533	0.968383311603651	0.019325948832882	TRUE	FALSE	FALSE	Tier_C	CANDIDATE_NOT_CONFIRMED	REQUIRES_10X_DIAGNOSTICS	0.5	0.05	TRUE	DEPLETION_ONLY	NA
Sox9	Region_4	Region_3	WITHIN_MOUSE_TECHNICAL_PAIR	1.15932371929701	1.59254169053076	-0.334660995721324	-0.0110414916513686	0.682019486271036	0.733302195235871	-0.051282708964835	FALSE	TRUE	FALSE	Tier_C	CANDIDATE_NOT_CONFIRMED	REQUIRES_10X_DIAGNOSTICS	0.5	0.05	TRUE	Q20_LOSS_ONLY	NA
Vsx2	Region_2	Region_3	CROSS_MOUSE_DIAGNOSTIC_REFERENCE	0.603413624616962	1.35825604009432	-0.751975597719878	-0.0194510124072533	0.658341658341658	0.719768504416692	-0.061426846075034	TRUE	TRUE	FALSE	Tier_A	CANDIDATE_NOT_CONFIRMED	REQUIRES_10X_DIAGNOSTICS	0.5	0.05	TRUE	DEPLETION_AND_Q20_LOSS	NA
Slc14a1	Region_4	Region_3	WITHIN_MOUSE_TECHNICAL_PAIR	1.46104046012352	2.92136184121128	-0.802951389277005	-0.0298721901490161	0.555555555555556	0.667899408284024	-0.112343852728468	TRUE	TRUE	FALSE	Tier_A	CANDIDATE_NOT_CONFIRMED	REQUIRES_10X_DIAGNOSTICS	0.5	0.05	TRUE	DEPLETION_AND_Q20_LOSS	NA
Tspan8	Region_4	Region_3	WITHIN_MOUSE_TECHNICAL_PAIR	0.876807134704913	2.75195529397262	-1.23998094554986	-0.0391167717083469	0.584936778449698	0.816977928692699	-0.232041150243001	TRUE	TRUE	FALSE	Tier_A	CANDIDATE_NOT_CONFIRMED	REQUIRES_10X_DIAGNOSTICS	0.5	0.05	TRUE	DEPLETION_AND_Q20_LOSS	NA
S100a4	Region_2	Region_3	CROSS_MOUSE_DIAGNOSTIC_REFERENCE	12.0075455620663	25.764212758764	-1.07029963418347	-0.09434842935938	0.956853818917552	0.824558148165329	0.132295670752223	TRUE	FALSE	FALSE	Tier_C	CANDIDATE_NOT_CONFIRMED	REQUIRES_10X_DIAGNOSTICS	0.5	0.05	TRUE	DEPLETION_ONLY	NA
Rsad2	Region_4	Region_3	WITHIN_MOUSE_TECHNICAL_PAIR	16.7187646144046	18.2796873259753	-0.125191404746172	-0.027699025890921	0.67169681632143	0.831906911966215	-0.160210095644785	FALSE	TRUE	FALSE	Tier_C	CANDIDATE_NOT_CONFIRMED	REQUIRES_10X_DIAGNOSTICS	0.5	0.05	TRUE	Q20_LOSS_ONLY	NA
Sox2	Region_4	Region_3	WITHIN_MOUSE_TECHNICAL_PAIR	0.695777090209008	2.09355254300253	-1.11698112187484	-0.0291326219396917	0.794547224926972	0.768167539267016	0.0263796856599561	TRUE	FALSE	FALSE	Tier_C	CANDIDATE_NOT_CONFIRMED	REQUIRES_10X_DIAGNOSTICS	0.5	0.05	TRUE	DEPLETION_ONLY	NA
Stmn1	Region_4	Region_3	WITHIN_MOUSE_TECHNICAL_PAIR	10.7950592695109	20.3083607657801	-0.881471476267439	-0.130365436428484	0.98353751914242	0.971421873168445	0.0121156459739751	TRUE	FALSE	FALSE	Tier_C	CANDIDATE_NOT_CONFIRMED	REQUIRES_10X_DIAGNOSTICS	0.5	0.05	TRUE	DEPLETION_ONLY	NA
Timp3	Region_4	Region_3	WITHIN_MOUSE_TECHNICAL_PAIR	22.1249800341233	59.1811560326813	-1.39935896201615	-0.170987534250722	0.982467908650181	0.968383311603651	0.01408459704653	TRUE	FALSE	FALSE	Tier_C	CANDIDATE_NOT_CONFIRMED	REQUIRES_10X_DIAGNOSTICS	0.5	0.05	TRUE	DEPLETION_ONLY	NA
Vsnl1	Region_2	Region_3	CROSS_MOUSE_DIAGNOSTIC_REFERENCE	1.6136012901099	1.34143553185786	0.19887236252411	-0.0040762759593283	0.675696299122472	0.753312302839117	-0.077616003716645	FALSE	TRUE	FALSE	Tier_A	CANDIDATE_NOT_CONFIRMED	REQUIRES_10X_DIAGNOSTICS	0.5	0.05	TRUE	Q20_LOSS_ONLY	NA
